Frame,Joint,X,Y
0,0,35,176
0,1,34,172
0,2,34,172
0,3,34,172
0,4,33,172
0,5,32,172
0,6,32,172
0,7,32,175
0,8,29,174
0,9,35,180
0,10,33,179
0,11,33,200
0,12,20,194
0,13,28,225
0,14,11,223
0,15,30,222
0,16,27,219
0,17,32,222
0,18,31,219
0,19,33,220
0,20,32,215
0,21,32,220
0,22,31,215
0,23,23,250
0,24,14,247
0,25,37,282
0,26,19,290
0,27,15,276
0,28,10,327
0,29,12,272
0,30,8,333
0,31,7,288
0,32,16,336
1,0,36,176
1,1,35,172
1,2,35,173
1,3,35,173
1,4,34,172
1,5,33,172
1,6,32,172
1,7,32,175
1,8,29,174
1,9,35,181
1,10,34,180
1,11,33,198
1,12,20,194
1,13,28,223
1,14,13,223
1,15,32,225
1,16,29,219
1,17,33,222
1,18,33,218
1,19,34,225
1,20,33,215
1,21,33,224
1,22,32,215
1,23,26,251
1,24,16,249
1,25,39,282
1,26,19,291
1,27,17,276
1,28,10,328
1,29,12,272
1,30,8,334
1,31,10,289
1,32,17,336
2,0,37,176
2,1,36,172
2,2,36,172
2,3,36,172
2,4,36,172
2,5,35,171
2,6,34,171
2,7,33,174
2,8,30,173
2,9,37,181
2,10,35,180
2,11,34,198
2,12,20,194
2,13,28,223
2,14,15,223
2,15,33,233
2,16,31,218
2,17,34,236
2,18,35,216
2,19,35,235
2,20,35,214
2,21,34,233
2,22,34,214
2,23,28,252
2,24,18,250
2,25,41,281
2,26,20,293
2,27,19,277
2,28,10,328
2,29,14,272
2,30,7,334
2,31,13,290
2,32,17,336
3,0,39,177
3,1,38,172
3,2,38,172
3,3,38,172
3,4,37,172
3,5,36,172
3,6,36,171
3,7,34,173
3,8,32,173
3,9,38,181
3,10,37,180
3,11,35,197
3,12,21,194
3,13,29,223
3,14,17,223
3,15,35,234
3,16,34,217
3,17,37,238
3,18,37,215
3,19,37,236
3,20,37,212
3,21,36,235
3,22,36,212
3,23,29,252
3,24,20,251
3,25,42,280
3,26,21,293
3,27,20,279
3,28,10,328
3,29,15,274
3,30,7,334
3,31,15,292
3,32,18,336
4,0,40,177
4,1,39,172
4,2,39,172
4,3,39,172
4,4,38,172
4,5,38,171
4,6,37,171
4,7,36,173
4,8,33,172
4,9,39,181
4,10,38,180
4,11,37,196
4,12,23,194
4,13,30,223
4,14,19,223
4,15,36,237
4,16,35,215
4,17,37,241
4,18,39,213
4,19,38,240
4,20,39,211
4,21,37,238
4,22,38,211
4,23,31,252
4,24,21,251
4,25,44,279
4,26,21,294
4,27,24,279
4,28,10,328
4,29,21,275
4,30,7,334
4,31,21,292
4,32,18,336
5,0,41,177
5,1,41,172
5,2,41,172
5,3,40,172
5,4,40,171
5,5,39,171
5,6,39,171
5,7,37,172
5,8,35,172
5,9,41,181
5,10,40,180
5,11,38,196
5,12,24,194
5,13,32,223
5,14,21,222
5,15,35,244
5,16,37,214
5,17,37,250
5,18,41,212
5,19,37,250
5,20,41,209
5,21,36,247
5,22,40,209
5,23,33,252
5,24,23,251
5,25,46,277
5,26,21,294
5,27,27,279
5,28,10,328
5,29,24,276
5,30,7,334
5,31,22,292
5,32,18,336
6,0,44,176
6,1,43,171
6,2,43,171
6,3,43,171
6,4,42,171
6,5,42,170
6,6,41,170
6,7,40,172
6,8,38,171
6,9,43,179
6,10,42,179
6,11,40,195
6,12,27,194
6,13,36,222
6,14,25,221
6,15,40,240
6,16,41,209
6,17,41,244
6,18,45,207
6,19,42,243
6,20,44,205
6,21,41,241
6,22,43,205
6,23,36,252
6,24,26,251
6,25,49,275
6,26,22,294
6,27,30,282
6,28,10,327
6,29,26,280
6,30,7,333
6,31,24,297
6,32,19,336
7,0,45,175
7,1,44,171
7,2,44,171
7,3,44,170
7,4,44,170
7,5,43,170
7,6,42,170
7,7,42,171
7,8,39,171
7,9,44,178
7,10,43,178
7,11,42,195
7,12,29,193
7,13,38,222
7,14,27,220
7,15,38,242
7,16,43,207
7,17,39,249
7,18,46,206
7,19,40,249
7,20,46,203
7,21,41,246
7,22,45,203
7,23,37,252
7,24,28,251
7,25,51,273
7,26,23,294
7,27,31,284
7,28,10,326
7,29,27,281
7,30,7,332
7,31,27,298
7,32,19,335
8,0,46,174
8,1,46,170
8,2,46,170
8,3,46,170
8,4,45,170
8,5,45,169
8,6,44,169
8,7,43,171
8,8,40,170
8,9,46,177
8,10,45,177
8,11,43,194
8,12,30,193
8,13,39,221
8,14,29,219
8,15,39,240
8,16,44,206
8,17,43,244
8,18,48,204
8,19,44,244
8,20,47,202
8,21,43,242
8,22,46,202
8,23,38,252
8,24,29,251
8,25,52,272
8,26,23,293
8,27,32,286
8,28,10,325
8,29,29,284
8,30,7,331
8,31,30,302
8,32,19,335
9,0,49,174
9,1,48,170
9,2,48,170
9,3,48,170
9,4,47,169
9,5,47,169
9,6,46,169
9,7,45,171
9,8,43,170
9,9,48,177
9,10,47,177
9,11,45,193
9,12,33,193
9,13,41,219
9,14,33,218
9,15,43,234
9,16,47,204
9,17,45,239
9,18,51,201
9,19,45,238
9,20,50,199
9,21,44,236
9,22,49,200
9,23,41,251
9,24,32,251
9,25,56,270
9,26,24,292
9,27,37,288
9,28,11,324
9,29,33,287
9,30,8,329
9,31,35,306
9,32,19,335
10,0,50,172
10,1,49,169
10,2,49,169
10,3,49,168
10,4,49,169
10,5,48,168
10,6,48,168
10,7,46,170
10,8,44,170
10,9,49,176
10,10,49,176
10,11,47,192
10,12,35,192
10,13,42,217
10,14,35,217
10,15,43,235
10,16,49,202
10,17,46,237
10,18,53,199
10,19,47,236
10,20,52,197
10,21,46,234
10,22,51,198
10,23,43,251
10,24,33,251
10,25,58,269
10,26,25,292
10,27,39,289
10,28,11,323
10,29,35,288
10,30,8,328
10,31,37,307
10,32,19,335
11,0,53,172
11,1,53,168
11,2,53,168
11,3,52,168
11,4,52,168
11,5,51,168
11,6,51,168
11,7,49,169
11,8,47,169
11,9,52,176
11,10,51,176
11,11,50,191
11,12,38,192
11,13,46,216
11,14,38,216
11,15,46,233
11,16,52,200
11,17,49,234
11,18,56,198
11,19,50,233
11,20,55,195
11,21,49,231
11,22,54,196
11,23,46,250
11,24,36,250
11,25,61,267
11,26,26,291
11,27,44,291
11,28,13,321
11,29,40,291
11,30,10,326
11,31,43,310
11,32,19,335
12,0,55,172
12,1,54,168
12,2,54,168
12,3,54,168
12,4,53,168
12,5,53,168
12,6,52,167
12,7,50,169
12,8,48,169
12,9,54,175
12,10,53,176
12,11,51,190
12,12,39,192
12,14,40,215
12,15,47,219
12,16,53,198
12,17,48,222
12,18,57,195
12,19,48,221
12,20,56,193
12,21,47,220
12,22,55,194
12,23,47,249
12,24,38,250
12,25,62,267
12,26,27,290
12,27,45,292
12,28,14,320
12,29,42,293
12,30,11,324
12,31,46,311
12,32,19,335
13,0,56,172
13,1,55,168
13,2,55,168
13,3,55,167
13,4,54,168
13,5,54,167
13,6,53,167
13,7,52,169
13,8,49,169
13,9,55,175
13,10,54,176
13,11,52,189
13,12,40,192
13,14,42,215
13,15,50,208
13,16,54,197
13,17,51,209
13,18,57,194
13,19,51,208
13,20,57,191
13,21,50,207
13,22,56,192
13,23,49,248
13,24,39,249
13,25,64,266
13,26,28,289
13,27,47,293
13,28,14,319
13,29,43,294
13,30,12,322
13,31,49,311
13,32,19,335
14,0,58,172
14,1,58,167
14,2,58,167
14,3,58,167
14,4,57,167
14,5,56,167
14,6,56,167
14,7,54,168
14,8,52,169
14,9,58,175
14,10,57,175
14,11,55,188
14,12,44,191
14,14,45,215
14,15,47,205
14,16,56,196
14,17,48,206
14,18,59,193
14,19,48,205
14,20,58,190
14,21,48,205
14,22,57,191
14,23,52,247
14,24,42,248
14,25,67,265
14,26,30,287
14,27,52,294
14,28,15,318
14,29,48,297
14,30,13,320
14,31,54,312
14,32,19,335
15,0,59,172
15,1,59,168
15,2,59,167
15,3,59,167
15,4,58,168
15,5,57,167
15,6,57,167
15,7,55,168
15,8,53,169
15,9,59,175
15,10,58,176
15,11,55,187
15,12,44,191
15,14,46,215
15,15,53,199
15,16,57,195
15,17,54,199
15,18,60,191
15,19,54,198
15,20,59,188
15,21,53,198
15,22,58,189
15,23,53,246
15,24,43,248
15,25,68,264
15,26,32,285
15,27,54,295
15,28,16,318
15,29,50,298
15,30,14,320
15,31,57,312
15,32,19,335
16,0,62,172
16,1,61,168
16,2,61,168
16,3,61,167
16,4,61,168
16,5,60,168
16,6,59,167
16,7,58,168
16,8,56,169
16,9,61,175
16,10,60,176
16,11,58,187
16,12,47,191
16,14,49,214
16,15,55,197
16,16,59,194
16,17,56,196
16,18,62,190
16,19,56,195
16,20,61,187
16,21,56,196
16,22,60,188
16,23,56,246
16,24,46,248
16,25,71,263
16,26,34,285
16,27,58,296
16,28,18,316
16,29,55,299
16,30,16,319
16,31,62,313
16,32,19,334
17,0,64,172
17,1,63,168
17,2,63,167
17,3,63,167
17,4,63,168
17,5,62,167
17,6,61,167
17,7,60,168
17,8,57,168
17,9,63,175
17,10,62,175
17,11,59,187
17,12,48,191
17,14,50,214
17,15,53,198
17,16,60,193
17,17,53,197
17,18,63,189
17,19,53,196
17,20,62,186
17,21,53,196
17,22,61,187
17,23,57,246
17,24,47,248
17,25,73,263
17,26,35,285
17,27,61,298
17,28,19,315
17,29,57,301
17,30,17,317
17,31,64,314
17,32,19,334
18,0,65,171
18,1,64,167
18,2,64,167
18,3,64,167
18,4,64,167
18,5,63,167
18,6,62,167
18,7,61,168
18,8,59,168
18,9,64,175
18,10,64,175
18,11,61,186
18,12,50,191
18,14,49,212
18,15,57,200
18,16,60,194
18,17,58,200
18,18,63,189
18,19,58,199
18,20,62,186
18,21,57,199
18,22,61,188
18,23,58,246
18,24,49,248
18,25,74,263
18,26,36,284
18,27,63,299
18,28,20,315
18,29,59,303
18,30,18,316
18,31,67,314
18,32,19,333
19,0,68,171
19,1,67,167
19,2,67,167
19,3,67,167
19,4,66,167
19,5,65,167
19,6,65,167
19,7,63,168
19,8,61,168
19,9,67,175
19,10,66,175
19,11,63,186
19,12,53,190
19,14,48,209
19,16,58,199
19,17,55,205
19,18,62,191
19,19,56,204
19,20,62,195
19,21,56,203
19,22,61,195
19,23,61,245
19,24,51,247
19,25,77,263
19,26,39,284
19,27,67,301
19,28,22,312
19,29,63,306
19,30,19,313
19,31,72,315
19,32,19,331
20,0,69,171
20,1,68,167
20,2,68,167
20,3,68,167
20,4,68,167
20,5,67,167
20,6,66,167
20,7,65,168
20,8,63,168
20,9,68,175
20,10,68,175
20,11,65,186
20,12,54,190
20,14,48,201
20,16,58,202
20,17,56,212
20,18,61,200
20,19,57,211
20,20,61,199
20,21,57,210
20,22,60,198
20,23,62,245
20,24,52,247
20,25,78,263
20,26,40,283
20,27,69,302
20,28,23,310
20,29,66,307
20,30,21,311
20,31,75,315
20,32,20,329
21,0,72,171
21,1,71,167
21,2,71,167
21,3,71,166
21,4,70,167
21,5,70,167
21,6,69,166
21,7,67,168
21,8,65,168
21,9,71,174
21,10,70,174
21,11,68,186
21,12,56,189
21,14,50,199
21,16,58,208
21,18,61,210
21,20,60,211
21,21,58,215
21,22,59,207
21,23,66,245
21,24,56,246
21,25,81,263
21,26,43,283
21,27,73,304
21,28,25,307
21,29,70,309
21,30,22,307
21,31,78,316
21,32,21,326
22,0,73,171
22,1,72,167
22,2,72,166
22,3,72,166
22,4,71,167
22,5,71,167
22,6,70,166
22,7,69,167
22,8,66,168
22,9,72,174
22,10,72,174
22,11,70,185
22,12,57,189
22,14,51,198
22,16,59,210
22,18,60,215
22,20,60,213
22,22,60,211
22,23,67,245
22,24,57,246
22,25,82,264
22,26,44,283
22,27,76,305
22,28,26,305
22,29,73,311
22,30,24,305
22,31,83,317
22,32,22,324
23,0,75,171
23,1,75,166
23,2,75,166
23,3,74,166
23,4,74,166
23,5,73,166
23,6,73,166
23,7,71,167
23,8,69,168
23,9,75,174
23,10,74,174
23,11,72,185
23,12,61,189
23,14,53,197
23,16,60,213
23,18,61,218
23,20,62,216
23,22,62,215
23,23,69,244
23,24,60,245
23,25,84,264
23,26,48,282
23,27,80,306
23,28,28,302
23,29,77,312
23,30,26,302
23,31,87,318
23,32,24,319
24,0,77,170
24,1,76,166
24,2,76,166
24,3,76,166
24,4,75,166
24,5,74,166
24,6,74,166
24,7,72,167
24,8,70,167
24,9,76,174
24,10,75,174
24,11,73,185
24,12,62,188
24,14,53,196
24,16,62,213
24,18,63,218
24,20,64,216
24,22,64,214
24,23,71,244
24,24,61,245
24,25,85,265
24,26,49,282
24,27,82,307
24,28,29,301
24,29,80,313
24,30,27,300
24,31,90,319
24,32,25,318
25,0,79,170
25,1,78,166
25,2,78,166
25,3,78,165
25,4,78,166
25,5,77,166
25,6,77,166
25,7,75,167
25,8,73,167
25,9,79,174
25,10,78,174
25,11,75,184
25,12,66,187
25,14,56,196
25,16,65,213
25,18,65,218
25,20,66,217
25,22,66,215
25,23,73,243
25,24,64,244
25,25,87,266
25,26,52,281
25,27,86,308
25,28,31,298
25,29,84,315
25,30,29,297
25,31,94,319
25,32,27,315
26,0,81,170
26,1,80,166
26,2,80,166
26,3,79,165
26,4,79,166
26,5,79,166
26,6,78,166
26,7,76,167
26,8,75,167
26,9,80,174
26,10,79,174
26,11,75,184
26,12,68,187
26,14,59,197
26,16,66,212
26,18,67,216
26,20,68,214
26,22,68,213
26,23,74,243
26,24,65,244
26,25,88,267
26,26,54,281
26,27,89,309
26,28,33,296
26,29,86,316
26,30,30,295
26,31,98,319
26,32,29,312
27,0,82,170
27,1,81,165
27,2,81,165
27,3,81,165
27,4,80,165
27,5,80,165
27,6,79,165
27,7,77,166
27,8,76,167
27,9,81,173
27,10,81,174
27,11,77,184
27,12,69,187
27,14,59,196
27,16,67,212
27,18,68,217
27,20,69,215
27,22,69,213
27,23,75,243
27,24,67,244
27,25,89,268
27,26,55,281
27,27,90,310
27,28,34,294
27,29,88,317
27,30,31,293
27,31,100,318
27,32,30,311
28,0,84,169
28,1,83,165
28,2,83,165
28,3,83,165
28,4,83,165
28,5,82,165
28,6,82,165
28,7,80,166
28,8,78,166
28,9,83,173
28,10,83,173
28,11,80,183
28,12,71,187
28,13,74,189
28,14,63,197
28,16,69,212
28,18,70,216
28,20,71,214
28,22,71,213
28,23,78,243
28,24,69,244
28,25,92,269
28,26,59,281
28,27,94,310
28,28,37,291
28,29,92,317
28,30,34,289
28,31,103,318
28,32,32,307
29,0,86,169
29,1,85,165
29,2,85,165
29,3,85,165
29,4,84,165
29,5,84,165
29,6,83,165
29,7,82,166
29,8,80,166
29,9,85,173
29,10,84,173
29,11,79,182
29,12,73,187
29,13,69,192
29,14,66,198
29,16,72,210
29,18,73,213
29,20,74,209
29,22,74,209
29,23,79,243
29,24,71,244
29,25,93,270
29,26,61,282
29,27,96,310
29,28,38,289
29,29,94,318
29,30,36,287
29,31,106,318
29,32,33,304
30,0,88,170
30,1,88,166
30,2,88,165
30,3,88,165
30,4,87,166
30,5,87,165
30,6,86,165
30,7,85,166
30,8,83,166
30,9,87,173
30,10,87,173
30,11,82,182
30,12,76,186
30,13,73,192
30,14,72,202
30,15,69,200
30,16,82,205
30,18,85,205
30,20,85,201
30,21,70,202
30,22,84,201
30,23,81,243
30,24,73,244
30,25,95,272
30,26,64,282
30,27,99,311
30,28,41,287
30,29,98,319
30,30,40,284
30,31,110,318
30,32,35,301
31,0,90,170
31,1,89,166
31,2,89,165
31,3,89,165
31,4,89,165
31,5,88,165
31,6,88,165
31,7,86,166
31,8,85,166
31,9,89,173
31,10,88,173
31,11,82,182
31,12,79,186
31,13,70,193
31,14,75,203
31,15,70,201
31,16,87,203
31,18,92,197
31,20,90,194
31,21,71,202
31,22,88,196
31,23,82,242
31,24,75,244
31,25,96,273
31,26,66,282
31,27,101,311
31,28,43,284
31,29,99,320
31,30,42,281
31,31,111,318
31,32,37,299
32,0,91,170
32,1,90,166
32,2,90,165
32,3,90,165
32,4,90,165
32,5,90,165
32,6,89,165
32,7,87,166
32,8,86,165
32,9,90,173
32,10,89,173
32,11,82,182
32,12,81,185
32,13,70,193
32,14,78,203
32,15,73,201
32,16,90,202
32,18,94,196
32,19,74,204
32,20,93,193
32,21,75,203
32,22,91,195
32,23,83,242
32,24,76,243
32,25,97,274
32,26,67,282
32,27,103,311
32,28,45,282
32,29,101,320
32,30,44,279
32,31,113,317
32,32,38,297
33,0,92,170
33,1,92,166
33,2,91,165
33,3,91,165
33,4,91,165
33,5,91,165
33,6,90,165
33,7,88,166
33,8,87,165
33,9,91,173
33,10,91,173
33,11,82,182
33,12,82,185
33,13,71,195
33,14,79,204
33,15,75,202
33,16,92,200
33,17,75,206
33,18,96,196
33,19,77,205
33,20,95,194
33,21,78,203
33,22,94,195
33,23,84,242
33,24,78,243
33,25,98,274
33,26,69,282
33,27,104,312
33,28,47,281
33,29,103,321
33,30,45,277
33,31,115,317
33,32,40,295
34,0,96,170
34,1,95,166
34,2,95,165
34,3,95,165
34,4,95,165
34,5,95,165
34,6,94,165
34,7,92,166
34,8,91,165
34,9,95,173
34,10,95,173
34,11,85,182
34,12,86,184
34,13,76,199
34,14,81,204
34,15,80,202
34,16,96,201
34,17,81,206
34,18,100,198
34,19,82,205
34,20,100,196
34,21,82,203
34,22,99,197
34,23,88,242
34,24,82,243
34,25,100,275
34,26,74,282
34,27,107,312
34,28,53,278
34,29,106,320
34,30,50,273
34,31,117,317
34,32,44,291
35,0,98,170
35,1,97,165
35,2,97,165
35,3,96,165
35,4,97,165
35,5,96,165
35,6,96,165
35,7,93,165
35,8,93,165
35,9,97,173
35,10,96,173
35,11,86,182
35,12,88,184
35,13,76,199
35,14,82,205
35,15,82,202
35,16,96,202
35,17,84,204
35,18,100,200
35,19,84,203
35,20,100,197
35,21,84,203
35,22,98,198
35,23,89,242
35,24,84,243
35,25,101,276
35,26,76,282
35,27,109,313
35,28,54,276
35,29,108,321
35,30,52,272
35,31,119,318
35,32,46,289
36,0,99,170
36,1,98,165
36,2,98,165
36,3,98,165
36,4,98,165
36,5,97,165
36,6,97,165
36,7,95,165
36,8,94,165
36,9,98,173
36,10,98,173
36,11,87,182
36,12,90,185
36,13,77,199
36,14,83,205
36,15,84,202
36,16,97,202
36,17,86,204
36,18,101,200
36,19,87,203
36,20,101,198
36,21,86,203
36,22,99,198
36,23,90,242
36,24,85,243
36,25,103,276
36,26,78,283
36,27,109,313
36,28,56,275
36,29,108,322
36,30,54,271
36,31,120,319
36,32,48,287
37,0,100,170
37,1,100,165
37,2,100,165
37,3,99,165
37,4,99,165
37,5,99,165
37,6,99,165
37,7,96,165
37,8,95,165
37,9,99,173
37,10,99,173
37,11,88,182
37,12,91,184
37,13,78,200
37,14,84,205
37,15,83,203
37,16,99,204
37,17,86,203
37,18,103,202
37,19,87,203
37,20,103,200
37,21,87,203
37,22,101,200
37,23,91,242
37,24,86,243
37,25,104,277
37,26,79,283
37,27,110,314
37,28,59,274
37,29,109,322
37,30,56,270
37,31,121,320
37,32,50,286
38,0,103,170
38,1,102,165
38,2,102,165
38,3,102,165
38,4,102,165
38,5,102,165
38,6,102,165
38,7,99,165
38,8,99,165
38,9,102,173
38,10,101,173
38,11,91,183
38,12,94,184
38,13,82,201
38,14,87,205
38,15,88,204
38,16,102,207
38,17,90,203
38,18,106,207
38,19,91,203
38,20,106,204
38,21,90,202
38,22,105,204
38,23,94,243
38,24,90,243
38,25,105,278
38,26,83,283
38,27,112,315
38,28,63,273
38,29,110,323
38,30,61,268
38,31,122,321
38,32,54,283
39,0,104,170
39,1,103,166
39,2,103,166
39,3,103,166
39,4,103,166
39,5,103,165
39,6,103,165
39,7,100,166
39,8,100,165
39,9,103,173
39,10,103,173
39,11,93,184
39,12,95,184
39,13,85,203
39,14,89,206
39,15,89,205
39,16,104,209
39,17,91,204
39,18,108,210
39,19,93,203
39,20,108,207
39,21,92,202
39,22,107,207
39,23,95,243
39,24,91,244
39,25,107,278
39,26,85,283
39,27,113,317
39,28,65,272
39,29,111,324
39,30,63,267
39,31,122,324
39,32,56,282
40,0,107,170
40,1,106,166
40,2,106,166
40,3,106,166
40,4,106,166
40,5,106,165
40,6,105,165
40,7,103,166
40,8,103,165
40,9,106,173
40,10,105,173
40,11,97,185
40,12,97,184
40,13,91,207
40,14,91,207
40,15,97,214
40,16,106,211
40,17,99,216
40,18,110,213
40,19,101,214
40,20,110,210
40,21,100,213
40,22,109,210
40,23,98,244
40,24,92,244
40,25,109,280
40,26,88,284
40,27,114,320
40,28,69,271
40,29,112,326
40,30,67,265
40,31,123,327
40,32,60,279
41,0,109,171
41,1,108,167
41,2,108,166
41,3,107,166
41,4,108,166
41,5,107,166
41,6,107,166
41,7,104,166
41,8,104,166
41,9,107,174
41,10,107,173
41,11,100,186
41,12,98,184
41,13,93,209
41,14,91,208
41,15,100,222
41,16,107,214
41,17,102,226
41,18,112,216
41,19,104,224
41,20,112,213
41,21,103,223
41,22,110,212
41,23,100,244
41,24,94,244
41,25,110,281
41,26,90,284
41,27,114,321
41,28,71,270
41,29,112,327
41,30,70,264
41,31,123,328
41,32,62,279
42,0,110,172
42,1,110,168
42,2,110,167
42,3,109,167
42,4,109,167
42,5,109,167
42,6,109,166
42,7,106,167
42,8,106,166
42,9,109,175
42,10,109,174
42,11,102,186
42,12,99,184
42,13,95,210
42,14,92,210
42,15,101,226
42,16,108,216
42,17,103,231
42,18,112,218
42,19,104,229
42,20,112,215
42,21,103,227
42,22,111,214
42,23,102,245
42,24,95,244
42,25,111,282
42,26,93,285
42,27,114,322
42,28,74,269
42,29,112,328
42,30,72,263
42,31,123,329
42,32,64,277
43,0,113,173
43,1,112,168
43,2,112,168
43,3,111,168
43,4,111,168
43,5,111,168
43,6,111,167
43,7,108,168
43,8,107,167
43,9,111,176
43,10,111,175
43,11,105,187
43,12,100,185
43,13,98,211
43,14,94,210
43,15,106,223
43,16,109,218
43,17,108,227
43,18,113,220
43,19,109,225
43,20,113,217
43,21,108,223
43,22,112,217
43,23,104,245
43,24,97,244
43,25,112,283
43,26,96,285
43,27,115,323
43,28,78,268
43,29,112,330
43,30,76,262
43,31,124,332
43,32,69,277
44,0,114,173
44,1,113,169
44,2,113,169
44,3,113,169
44,4,113,169
44,5,112,168
44,6,112,168
44,7,110,169
44,8,109,168
44,9,113,176
44,10,112,176
44,11,107,188
44,12,102,185
44,13,100,212
44,14,95,210
44,15,106,227
44,16,109,220
44,17,108,232
44,18,113,222
44,19,109,231
44,20,114,220
44,21,108,229
44,22,112,219
44,23,105,245
44,24,98,244
44,25,113,282
44,26,98,285
44,27,115,323
44,28,81,268
44,29,113,331
44,30,79,262
44,31,124,332
44,32,72,276
45,0,116,174
45,1,116,170
45,2,116,170
45,3,115,170
45,4,115,170
45,5,115,169
45,6,115,169
45,7,113,169
45,8,112,169
45,9,115,177
45,10,114,177
45,11,110,188
45,12,104,185
45,13,103,212
45,14,98,211
45,15,109,229
45,16,111,222
45,17,110,234
45,18,114,226
45,19,111,233
45,20,115,224
45,21,110,231
45,22,114,222
45,23,108,245
45,24,101,244
45,25,115,283
45,26,102,285
45,27,115,324
45,28,85,268
45,29,113,332
45,30,83,262
45,31,124,333
45,32,76,276
46,0,118,175
46,1,117,171
46,2,117,171
46,3,117,170
46,4,117,170
46,5,116,170
46,6,116,170
46,7,114,170
46,8,113,169
46,9,116,178
46,10,116,177
46,11,110,188
46,12,105,186
46,13,105,212
46,14,100,212
46,15,110,230
46,16,112,224
46,17,111,235
46,18,115,228
46,19,112,235
46,20,116,227
46,21,111,233
46,22,115,225
46,23,109,245
46,24,103,244
46,25,116,282
46,26,104,285
46,27,115,324
46,28,88,268
46,29,113,332
46,30,85,262
46,31,124,333
46,32,78,276
47,0,120,175
47,1,119,171
47,2,119,171
47,3,119,170
47,4,119,171
47,5,119,170
47,6,118,170
47,7,116,170
47,8,115,170
47,9,119,178
47,10,118,178
47,11,113,189
47,12,107,187
47,13,109,214
47,14,101,212
47,15,113,230
47,16,113,226
47,17,114,235
47,18,116,230
47,19,115,234
47,20,117,228
47,21,115,232
47,22,116,227
47,23,111,245
47,24,105,243
47,25,118,282
47,26,109,283
47,27,116,324
47,28,91,267
47,29,113,331
47,30,89,261
47,31,125,333
47,32,82,276
48,0,122,175
48,1,121,171
48,2,121,171
48,3,121,170
48,4,120,171
48,5,120,170
48,6,119,170
48,7,117,171
48,8,116,170
48,9,121,178
48,10,120,178
48,11,115,190
48,12,109,188
48,13,109,214
48,14,102,213
48,15,114,228
48,16,114,228
48,17,115,233
48,18,116,231
48,19,118,232
48,20,117,229
48,21,117,230
48,22,117,228
48,23,112,245
48,24,107,243
48,25,119,282
48,26,111,283
48,27,116,324
48,28,93,267
48,29,113,331
48,30,92,261
48,31,125,333
48,32,84,276
49,0,124,175
49,1,123,171
49,2,123,171
49,3,123,171
49,4,123,171
49,5,123,170
49,6,122,170
49,7,120,171
49,8,119,171
49,9,123,179
49,10,123,178
49,11,117,191
49,12,112,188
49,13,110,215
49,14,104,213
49,15,118,227
49,16,114,229
49,17,120,231
49,18,116,233
49,19,121,228
49,20,118,231
49,21,120,229
49,22,117,230
49,23,113,245
49,24,110,243
49,25,119,285
49,26,118,284
49,27,116,324
49,28,98,267
49,29,113,332
49,30,96,261
49,31,125,333
49,32,89,276
50,0,126,175
50,1,125,171
50,2,125,171
50,3,125,170
50,4,124,171
50,5,124,170
50,6,123,170
50,7,121,171
50,8,120,170
50,9,125,178
50,10,124,178
50,11,118,191
50,12,113,188
50,13,113,214
50,14,104,213
50,15,120,226
50,16,115,231
50,17,121,230
50,18,116,236
50,19,122,228
50,20,118,234
50,21,121,228
50,22,117,232
50,23,114,245
50,24,112,243
50,25,120,286
50,26,120,284
50,27,116,325
50,28,100,267
50,29,113,332
50,30,98,261
50,31,125,333
50,32,91,277
51,0,127,175
51,1,126,171
51,2,126,171
51,3,126,170
51,4,125,171
51,5,125,170
51,6,124,170
51,7,123,171
51,8,121,170
51,9,126,178
51,10,125,178
51,11,120,192
51,12,114,188
51,13,116,214
51,14,105,212
51,15,121,226
51,16,115,231
51,17,123,231
51,18,116,237
51,19,123,228
51,20,118,236
51,21,123,228
51,22,118,234
51,23,116,245
51,24,114,244
51,25,120,287
51,26,122,284
51,27,116,325
51,28,102,267
51,29,113,332
51,30,100,262
51,31,125,333
51,32,93,277
52,0,129,175
52,1,128,171
52,2,128,170
52,3,128,170
52,4,128,170
52,5,127,170
52,6,127,170
52,7,125,171
52,8,124,171
52,9,128,178
52,10,128,178
52,11,123,191
52,12,116,189
52,13,118,214
52,14,106,212
52,15,126,222
52,16,116,230
52,17,128,221
52,18,118,235
52,19,129,218
52,20,119,234
52,21,128,219
52,22,119,232
52,23,118,246
52,24,116,244
52,25,121,286
52,26,126,283
52,27,116,325
52,28,106,267
52,29,113,332
52,30,103,262
52,31,125,333
52,32,97,279
53,0,130,175
53,1,129,171
53,2,129,170
53,3,129,170
53,4,129,170
53,5,128,170
53,6,128,170
53,7,126,171
53,8,125,171
53,9,130,178
53,10,129,178
53,11,124,191
53,12,118,189
53,13,120,214
53,14,108,212
53,15,127,221
53,16,118,230
53,17,129,222
53,18,119,236
53,19,130,218
53,20,120,234
53,21,129,218
53,22,120,233
53,23,119,246
53,24,117,245
53,25,122,286
53,26,128,282
53,27,116,325
53,28,108,268
53,29,113,332
53,30,105,263
53,31,126,333
53,32,100,281
54,0,133,175
54,1,132,171
54,2,132,171
54,3,132,170
54,4,131,171
54,5,131,170
54,6,130,170
54,7,129,171
54,8,127,171
54,9,132,178
54,10,131,178
54,11,126,191
54,12,119,189
54,13,123,212
54,14,109,212
54,15,131,218
54,16,119,231
54,17,134,218
54,18,121,236
54,19,134,216
54,20,122,235
54,21,133,216
54,22,122,233
54,23,122,247
54,24,119,245
54,25,124,286
54,26,132,281
54,27,116,325
54,28,111,269
54,29,113,332
54,30,109,264
54,31,126,333
54,32,104,284
55,0,134,175
55,1,134,171
55,2,133,171
55,3,133,171
55,4,133,171
55,5,133,170
55,6,132,170
55,7,130,171
55,8,129,171
55,9,134,178
55,10,133,178
55,11,128,191
55,12,121,189
55,13,123,212
55,14,110,212
55,15,133,216
55,16,120,231
55,17,136,216
55,18,122,236
55,19,136,213
55,20,123,235
55,21,135,214
55,22,123,233
55,23,123,248
55,24,120,246
55,25,125,286
55,26,134,281
55,27,116,325
55,28,113,270
55,29,113,332
55,30,110,265
55,31,126,333
55,32,106,285
56,0,136,175
56,1,135,171
56,2,135,171
56,3,135,171
56,4,134,171
56,5,134,170
56,6,134,170
56,7,132,171
56,8,131,171
56,9,135,178
56,10,134,178
56,11,129,192
56,12,122,189
56,13,124,212
56,14,111,212
56,15,135,215
56,16,121,230
56,17,137,215
56,18,122,236
56,19,137,212
56,20,124,234
56,21,136,213
56,22,124,233
56,23,124,248
56,24,122,246
56,25,126,286
56,26,136,280
56,27,116,325
56,28,114,271
56,29,113,332
56,30,112,266
56,31,126,333
56,32,108,287
57,0,137,175
57,1,136,171
57,2,136,170
57,3,136,170
57,4,136,170
57,5,135,170
57,6,135,170
57,7,133,171
57,8,132,171
57,9,136,178
57,10,136,178
57,11,130,191
57,12,124,189
57,13,125,212
57,14,112,211
57,15,136,215
57,16,122,230
57,17,138,214
57,18,124,236
57,19,138,212
57,20,125,234
57,21,137,212
57,22,125,233
57,23,125,248
57,24,124,246
57,25,127,286
57,26,138,279
57,27,116,325
57,28,116,272
57,29,113,332
57,30,114,267
57,31,126,333
57,32,110,287
58,0,140,175
58,1,139,170
58,2,139,170
58,3,139,170
58,4,139,170
58,5,138,170
58,6,138,170
58,7,136,171
58,8,135,171
58,9,139,178
58,10,138,178
58,11,133,191
58,12,127,189
58,13,129,212
58,14,114,210
58,15,140,212
58,16,124,230
58,17,143,211
58,18,126,235
58,19,142,209
58,20,127,234
58,21,141,210
58,22,127,232
58,23,129,249
58,24,127,247
58,25,129,286
58,26,143,276
58,27,117,324
58,28,122,275
58,29,113,331
58,30,119,270
58,31,126,333
58,32,117,291
59,0,141,174
59,1,141,170
59,2,141,170
59,3,140,170
59,4,140,170
59,5,140,170
59,6,139,170
59,7,138,171
59,8,136,171
59,9,141,178
59,10,140,177
59,11,135,191
59,12,129,189
59,13,131,211
59,14,116,208
59,15,142,210
59,16,125,230
59,17,145,209
59,18,126,234
59,19,144,207
59,20,128,233
59,21,143,208
59,22,128,232
59,23,130,249
59,24,129,247
59,25,129,287
59,26,145,275
59,27,117,323
59,28,124,277
59,29,113,331
59,30,118,272
59,31,126,333
59,32,120,293
60,0,143,173
60,1,142,169
60,2,142,169
60,3,142,169
60,4,142,169
60,5,141,169
60,6,141,169
60,7,139,170
60,8,138,170
60,9,142,177
60,10,141,176
60,11,136,190
60,12,130,188
60,13,133,210
60,14,117,207
60,15,144,209
60,16,126,229
60,17,146,208
60,18,127,233
60,19,145,206
60,20,129,232
60,21,144,207
60,22,129,231
60,23,131,249
60,24,130,247
60,25,129,287
60,26,147,274
60,27,117,322
60,28,125,277
60,29,113,330
60,30,120,271
60,31,126,333
60,32,122,294
61,0,144,173
61,1,144,169
61,2,144,169
61,3,143,169
61,4,143,169
61,5,143,168
61,6,142,168
61,7,140,169
61,8,139,169
61,9,143,176
61,10,143,176
61,11,137,190
61,12,131,187
61,13,136,209
61,14,118,206
61,15,145,208
61,16,127,228
61,17,148,206
61,18,129,233
61,19,147,204
61,20,130,231
61,21,146,205
61,22,130,230
61,23,133,249
61,24,132,247
61,25,129,289
61,26,149,272
61,27,117,322
61,28,128,277
61,29,113,330
61,30,122,271
61,31,126,333
61,32,124,293
62,0,147,173
62,1,146,168
62,2,146,168
62,3,146,168
62,4,145,168
62,5,145,168
62,6,144,168
62,7,143,169
62,8,141,169
62,9,146,176
62,10,145,176
62,11,139,189
62,12,133,187
62,13,137,207
62,14,120,204
62,15,147,206
62,16,129,227
62,17,149,204
62,18,130,232
62,19,149,203
62,20,132,231
62,21,148,203
62,22,132,230
62,23,135,249
62,24,134,247
62,25,129,289
62,26,153,270
62,27,117,322
62,28,132,280
62,29,113,329
62,30,130,276
62,31,125,333
62,32,127,296
63,0,148,172
63,1,148,168
63,2,148,167
63,3,147,167
63,4,147,168
63,5,147,167
63,6,146,167
63,7,144,168
63,8,143,168
63,9,147,175
63,10,147,175
63,11,141,189
63,12,135,186
63,13,139,207
63,14,121,203
63,15,149,205
63,16,130,226
63,17,151,203
63,18,131,231
63,19,150,201
63,20,133,230
63,21,150,202
63,22,133,229
63,23,136,248
63,24,135,246
63,25,130,289
63,26,155,269
63,27,117,322
63,28,133,283
63,29,113,328
63,30,131,280
63,31,125,333
63,32,130,298
64,0,151,171
64,1,150,167
64,2,150,166
64,3,150,166
64,4,149,166
64,5,149,166
64,6,148,166
64,7,146,167
64,8,145,167
64,9,150,174
64,10,149,174
64,11,144,188
64,12,137,186
64,13,141,204
64,14,123,203
64,15,151,203
64,16,132,225
64,17,152,202
64,18,133,230
64,19,152,200
64,20,135,229
64,21,151,201
64,22,135,228
64,23,139,247
64,24,138,246
64,25,131,289
64,26,157,267
64,27,117,321
64,28,138,285
64,29,114,326
64,30,135,284
64,31,125,333
64,32,137,302
65,0,152,170
65,1,151,165
65,2,151,165
65,3,151,165
65,4,150,165
65,5,150,165
65,6,149,165
65,7,147,166
65,8,146,166
65,9,151,173
65,10,151,173
65,11,146,187
65,12,138,185
65,13,143,203
65,14,124,202
65,15,152,203
65,16,133,224
65,17,154,201
65,18,135,229
65,19,154,199
65,20,136,228
65,21,153,200
65,22,136,227
65,23,141,246
65,24,139,246
65,25,132,288
65,26,160,266
65,27,117,320
65,28,140,287
65,29,114,325
65,30,137,286
65,31,124,333
65,32,140,305
66,0,154,169
66,1,153,164
66,2,153,164
66,3,153,164
66,4,152,164
66,5,152,164
66,6,151,164
66,7,150,165
66,8,148,166
66,9,153,172
66,10,152,173
66,11,149,187
66,12,141,185
66,13,147,200
66,14,126,201
66,15,155,198
66,16,135,223
66,17,156,198
66,18,137,228
66,19,156,195
66,20,138,227
66,21,156,197
66,22,138,226
66,23,145,245
66,24,141,245
66,25,133,286
66,26,163,265
66,27,118,318
66,28,145,289
66,29,115,323
66,30,142,289
66,31,124,333
66,32,146,307
67,0,155,167
67,1,154,163
67,2,154,163
67,3,153,163
67,4,153,163
67,5,153,163
67,6,152,163
67,7,151,165
67,8,149,165
67,9,154,171
67,10,154,171
67,11,150,187
67,12,142,184
67,13,146,201
67,14,128,200
67,15,152,202
67,16,137,222
67,17,153,205
67,18,138,228
67,19,155,197
67,20,140,226
67,21,154,198
67,22,140,225
67,23,146,244
67,24,143,243
67,25,134,284
67,26,163,264
67,27,119,317
67,28,148,290
67,29,116,321
67,30,145,292
67,31,124,332
67,32,149,310
68,0,157,166
68,1,156,162
68,2,156,162
68,3,156,162
68,4,155,162
68,5,155,162
68,6,155,162
68,7,153,164
68,8,152,165
68,9,157,170
68,10,156,170
68,11,153,186
68,12,144,183
68,13,152,198
68,14,130,199
68,15,156,200
68,16,139,221
68,17,158,198
68,18,141,226
68,19,158,196
68,20,142,225
68,21,157,196
68,22,142,224
68,23,149,243
68,24,145,243
68,25,136,283
68,26,159,262
68,27,121,316
68,28,152,293
68,29,117,319
68,30,149,296
68,31,125,331
68,32,156,311
69,0,158,166
69,1,157,162
69,2,157,162
69,3,157,162
69,4,157,162
69,5,156,162
69,6,156,162
69,7,154,164
69,8,153,164
69,9,158,170
69,10,157,170
69,11,154,186
69,12,145,183
69,13,153,198
69,14,131,199
69,15,160,194
69,16,141,221
69,17,160,194
69,18,142,226
69,19,160,193
69,20,144,225
69,21,160,193
69,22,144,224
69,23,150,242
69,24,147,242
69,25,137,282
69,26,168,262
69,27,122,315
69,28,155,294
69,29,119,318
69,30,151,297
69,31,125,330
69,32,159,312
70,0,161,165
70,1,160,162
70,2,160,162
70,3,160,162
70,4,159,162
70,5,159,162
70,6,159,162
70,7,157,164
70,8,156,164
70,9,160,169
70,10,159,169
70,11,157,185
70,12,148,182
70,13,156,197
70,14,134,198
70,15,162,194
70,16,143,219
70,17,162,194
70,18,144,224
70,19,162,192
70,20,146,223
70,21,162,192
70,22,146,222
70,23,153,242
70,24,150,242
70,25,138,281
70,26,170,262
70,27,124,314
70,28,159,297
70,29,121,316
70,30,155,299
70,31,125,330
70,32,163,313
71,0,162,166
71,1,162,162
71,2,162,162
71,3,162,162
71,4,161,162
71,5,161,162
71,6,161,162
71,7,160,164
71,8,158,164
71,9,161,170
71,10,161,170
71,11,158,185
71,12,149,181
71,13,155,198
71,14,135,197
71,15,159,205
71,16,144,219
71,17,160,207
71,18,145,224
71,19,160,205
71,20,147,223
71,21,160,205
71,22,147,222
71,23,154,242
71,24,151,241
71,25,139,281
71,26,173,261
71,27,124,313
71,28,161,297
71,29,122,314
71,30,158,300
71,31,124,330
71,32,166,314
72,0,165,166
72,1,164,163
72,2,164,163
72,3,164,163
72,4,164,163
72,5,163,163
72,6,163,162
72,7,162,165
72,8,160,164
72,9,164,170
72,10,163,170
72,11,160,185
72,12,152,180
72,13,156,199
72,14,138,196
72,15,159,213
72,16,147,218
72,17,160,217
72,18,148,223
72,19,160,216
72,20,150,222
72,21,160,215
72,22,150,221
72,23,156,241
72,24,154,240
72,25,141,281
72,26,176,261
72,27,125,312
72,28,166,299
72,29,123,313
72,30,162,303
72,31,124,329
72,32,171,315
73,0,166,166
73,1,165,163
73,2,165,163
73,3,165,163
73,4,165,163
73,5,165,163
73,6,164,163
73,7,163,165
73,8,161,164
73,9,165,170
73,10,165,170
73,11,161,185
73,12,153,180
73,13,158,199
73,14,139,196
73,15,161,214
73,16,148,218
73,17,162,218
73,18,149,223
73,19,163,217
73,20,151,222
73,21,162,216
73,22,151,221
73,23,158,241
73,24,155,240
73,25,143,280
73,26,176,260
73,27,126,310
73,28,168,301
73,29,124,311
73,30,165,305
73,31,125,328
73,32,174,316
74,0,167,166
74,1,167,163
74,2,167,163
74,3,167,163
74,4,166,163
74,5,166,163
74,6,166,163
74,7,165,165
74,8,163,164
74,9,167,170
74,10,166,170
74,11,163,185
74,12,154,179
74,13,160,199
74,14,140,196
74,15,163,213
74,16,149,217
74,17,165,216
74,18,150,222
74,19,165,215
74,20,152,222
74,21,164,214
74,22,152,220
74,23,160,241
74,24,157,240
74,25,145,280
74,26,177,260
74,27,127,308
74,28,170,301
74,29,125,308
74,30,167,306
74,31,125,327
74,32,176,317
75,0,169,166
75,1,168,163
75,2,168,163
75,3,168,163
75,4,168,163
75,5,168,163
75,6,167,163
75,7,165,165
75,8,164,164
75,9,168,170
75,10,168,170
75,11,164,184
75,12,155,179
75,13,163,197
75,14,142,196
75,15,167,205
75,16,151,217
75,17,169,206
75,18,152,222
75,19,170,198
75,20,154,221
75,21,169,198
75,22,154,220
75,23,161,240
75,24,158,239
75,25,145,280
75,26,180,260
75,27,128,306
75,28,173,303
75,29,126,306
75,30,170,307
75,31,125,326
75,32,179,317
76,0,172,166
76,1,171,163
76,2,171,163
76,3,171,163
76,4,171,163
76,5,170,163
76,6,170,163
76,7,168,165
76,8,166,164
76,9,171,170
76,10,170,170
76,11,166,184
76,12,158,179
76,13,165,197
76,14,144,195
76,15,171,201
76,16,153,216
76,17,171,201
76,18,155,222
76,19,172,196
76,20,156,221
76,21,172,196
76,22,157,220
76,23,163,240
76,24,162,239
76,25,148,280
76,26,182,261
76,27,130,303
76,28,177,304
76,29,127,303
76,30,174,309
76,31,126,322
76,32,184,317
77,0,173,166
77,1,172,163
77,2,172,163
77,3,172,163
77,4,172,163
77,5,171,163
77,6,171,163
77,7,169,164
77,8,168,164
77,9,172,170
77,10,172,170
77,11,168,184
77,12,158,179
77,13,170,195
77,14,146,196
77,15,174,194
77,16,155,216
77,17,174,196
77,18,156,222
77,19,174,193
77,20,158,221
77,21,174,193
77,22,158,219
77,23,165,240
77,24,163,239
77,25,149,280
77,26,184,261
77,27,131,301
77,28,179,305
77,29,128,300
77,30,176,311
77,31,126,319
77,32,187,317
78,0,175,166
78,1,174,163
78,2,174,163
78,3,174,163
78,4,174,163
78,5,173,163
78,6,173,162
78,7,171,164
78,8,170,163
78,9,174,169
78,10,173,169
78,11,170,183
78,12,162,179
78,13,172,194
78,14,149,196
78,15,176,192
78,16,158,216
78,17,177,192
78,18,159,222
78,19,177,190
78,20,161,220
78,21,176,192
78,22,161,219
78,23,168,240
78,24,166,238
78,25,152,279
78,26,186,261
78,27,133,298
78,28,184,307
78,29,130,297
78,30,181,313
78,31,127,315
78,32,193,317
79,0,177,166
79,1,176,163
79,2,176,163
79,3,175,163
79,4,175,163
79,5,175,163
79,6,174,162
79,7,172,164
79,8,171,163
79,9,176,169
79,10,175,169
79,11,172,183
79,12,163,179
79,13,173,195
79,14,150,196
79,15,177,193
79,16,159,216
79,17,178,196
79,18,160,222
79,19,178,194
79,20,162,220
79,21,177,195
79,22,162,219
79,23,169,240
79,24,167,238
79,25,153,279
79,26,187,261
79,27,133,297
79,28,186,308
79,29,131,296
79,30,183,314
79,31,128,313
79,32,196,317
80,0,178,166
80,1,177,163
80,2,177,163
80,3,177,163
80,4,177,163
80,5,176,162
80,6,176,162
80,7,174,164
80,8,173,163
80,9,177,169
80,10,177,169
80,11,173,183
80,12,164,179
80,13,173,195
80,14,151,196
80,15,178,199
80,16,161,216
80,17,179,203
80,18,162,221
80,19,179,201
80,20,164,220
80,21,179,201
80,22,164,219
80,23,170,240
80,24,169,238
80,25,155,278
80,26,188,262
80,27,135,295
80,28,188,308
80,29,132,294
80,30,186,314
80,31,129,311
80,32,198,317
81,0,181,166
81,1,180,163
81,2,180,163
81,3,179,163
81,4,179,163
81,5,179,162
81,6,178,162
81,7,177,164
81,8,175,163
81,9,180,169
81,10,179,169
81,11,176,183
81,12,167,179
81,13,177,194
81,14,154,196
81,15,182,193
81,16,164,216
81,17,183,193
81,18,165,221
81,19,182,191
81,20,167,220
81,21,182,192
81,22,167,218
81,23,173,240
81,24,171,238
81,25,158,278
81,26,190,264
81,27,137,291
81,28,193,309
81,29,134,289
81,30,191,315
81,31,131,307
81,32,203,317
82,0,182,166
82,1,181,163
82,2,181,163
82,3,181,163
82,4,181,162
82,5,180,162
82,6,180,162
82,7,178,164
82,8,177,163
82,9,181,169
82,10,181,169
82,11,177,183
82,12,168,179
82,13,178,193
82,14,156,196
82,15,183,193
82,16,165,216
82,17,183,193
82,18,167,221
82,19,184,191
82,20,168,220
82,21,183,192
82,22,168,218
82,23,175,240
82,24,172,238
82,25,160,278
82,26,192,265
82,27,138,289
82,28,195,310
82,29,135,287
82,30,193,315
82,31,133,304
82,32,205,317
83,0,185,166
83,1,184,162
83,2,184,162
83,3,184,162
83,4,184,162
83,5,183,162
83,6,182,162
83,7,181,163
83,8,179,163
83,9,183,169
83,10,183,169
83,11,179,183
83,12,171,179
83,13,180,194
83,14,159,196
83,15,186,193
83,16,169,216
83,17,187,192
83,18,170,221
83,19,186,191
83,20,172,220
83,21,186,191
83,22,172,219
83,23,177,240
83,24,175,239
83,25,164,278
83,26,194,267
83,27,141,285
83,28,199,310
83,29,139,283
83,30,197,316
83,31,134,299
83,32,209,317
84,0,186,165
84,1,185,162
84,2,185,162
84,3,185,162
84,4,185,162
84,5,184,162
84,6,184,162
84,7,182,163
84,8,181,163
84,9,185,169
84,10,185,169
84,11,181,183
84,12,172,179
84,13,182,194
84,14,160,196
84,15,188,193
84,16,170,216
84,17,188,192
84,18,172,221
84,19,188,191
84,20,173,220
84,21,188,192
84,22,173,219
84,23,178,240
84,24,177,239
84,25,166,278
84,26,195,268
84,27,143,283
84,28,201,310
84,29,140,281
84,30,199,316
84,31,135,297
84,32,211,317
85,0,189,165
85,1,188,162
85,2,188,162
85,3,187,162
85,4,187,162
85,5,187,162
85,6,186,162
85,7,184,163
85,8,183,163
85,9,187,169
85,10,187,169
85,11,183,183
85,12,175,179
85,13,183,194
85,14,163,197
85,15,190,194
85,16,173,216
85,17,192,193
85,18,175,221
85,19,191,192
85,20,176,220
85,21,190,192
85,22,176,219
85,23,180,240
85,24,179,239
85,25,169,278
85,26,196,270
85,27,146,280
85,28,204,310
85,29,144,277
85,30,203,317
85,31,137,294
85,32,215,316
86,0,190,165
86,1,189,162
86,2,189,162
86,3,188,162
86,4,188,162
86,5,188,162
86,6,188,162
86,7,186,163
86,8,185,162
86,9,189,169
86,10,188,169
86,11,184,183
86,12,177,180
86,13,184,195
86,14,164,197
86,15,192,194
86,16,175,217
86,17,193,193
86,18,177,221
86,19,193,192
86,20,178,220
86,21,192,193
86,22,178,219
86,23,182,240
86,24,181,239
86,25,171,278
86,26,197,271
86,27,148,279
86,28,206,310
86,29,145,275
86,30,205,317
86,31,138,292
86,32,217,316
87,0,191,165
87,1,190,162
87,2,190,162
87,3,189,161
87,4,189,162
87,5,189,162
87,6,189,161
87,7,187,162
87,8,186,162
87,9,190,169
87,10,190,169
87,11,185,183
87,12,177,180
87,13,186,197
87,14,166,198
87,15,193,195
87,16,177,217
87,17,194,193
87,18,179,221
87,19,194,193
87,20,180,220
87,21,193,194
87,22,179,219
87,23,183,240
87,24,182,239
87,25,172,278
87,26,198,271
87,27,149,277
87,28,207,311
87,29,146,274
87,30,207,318
87,31,140,290
87,32,219,316
88,0,193,165
88,1,192,162
88,2,192,162
88,3,192,162
88,4,192,162
88,5,191,162
88,6,191,161
88,7,189,163
88,8,188,163
88,9,192,169
88,10,192,169
88,11,187,183
88,12,180,180
88,13,187,199
88,14,169,199
88,15,195,196
88,16,180,217
88,17,196,194
88,18,182,221
88,19,196,194
88,20,183,220
88,21,195,195
88,22,183,219
88,23,185,240
88,24,185,239
88,25,175,279
88,26,201,273
88,27,152,274
88,28,210,313
88,29,150,270
88,30,210,320
88,31,142,284
88,32,221,316
89,0,195,166
89,1,194,162
89,2,194,162
89,3,194,162
89,4,194,162
89,5,193,162
89,6,193,162
89,7,191,163
89,8,189,163
89,9,194,169
89,10,193,169
89,11,189,183
89,12,181,180
89,13,189,200
89,14,170,201
89,15,197,198
89,16,181,218
89,17,198,196
89,18,183,221
89,19,198,195
89,20,184,220
89,21,197,196
89,22,184,219
89,23,187,240
89,24,186,239
89,25,176,279
89,26,202,273
89,27,154,273
89,28,211,314
89,29,152,269
89,30,210,321
89,31,144,283
89,32,222,316
90,0,198,166
90,1,197,162
90,2,197,162
90,3,197,162
90,4,197,162
90,5,196,162
90,6,196,162
90,7,194,163
90,8,193,163
90,9,197,170
90,10,196,169
90,11,192,184
90,12,184,180
90,13,190,204
90,14,173,202
90,15,200,202
90,16,184,218
90,17,201,200
90,18,186,222
90,19,201,199
90,20,188,221
90,21,200,199
90,22,187,219
90,23,189,240
90,24,188,239
90,25,180,279
90,26,204,274
90,27,158,271
90,28,213,314
90,29,156,267
90,30,213,322
90,31,146,278
90,32,224,317
91,0,199,167
91,1,198,162
91,2,198,162
91,3,198,162
91,4,198,162
91,5,198,162
91,6,197,162
91,7,195,163
91,8,194,163
91,9,198,170
91,10,198,170
91,11,193,184
91,12,185,181
91,13,191,205
91,14,175,204
91,15,201,204
91,16,186,218
91,17,202,203
91,18,188,222
91,19,202,201
91,20,189,221
91,21,201,202
91,22,189,220
91,23,190,240
91,24,189,239
91,25,181,279
91,26,205,274
91,27,160,270
91,28,214,315
91,29,158,265
91,30,213,323
91,31,148,276
91,32,225,319
92,0,202,167
92,1,201,163
92,2,201,163
92,3,201,163
92,4,201,163
92,5,200,163
92,6,200,163
92,7,198,164
92,8,197,164
92,9,201,171
92,10,200,170
92,11,196,186
92,12,188,182
92,13,193,209
92,14,177,205
92,15,203,208
92,16,190,218
92,17,205,206
92,18,192,222
92,19,204,204
92,20,193,221
92,21,203,205
92,22,193,220
92,23,193,240
92,24,192,239
92,25,185,280
92,26,207,274
92,27,165,268
92,28,215,316
92,29,162,262
92,30,215,323
92,31,154,273
92,32,226,321
93,0,203,168
93,1,202,163
93,2,202,163
93,3,202,163
93,4,202,163
93,5,201,163
93,6,201,163
93,7,199,164
93,8,198,164
93,9,202,171
93,10,202,171
93,11,197,186
93,12,189,182
93,13,195,212
93,14,179,206
93,15,204,211
93,16,191,219
93,17,206,209
93,18,194,223
93,19,206,207
93,20,195,221
93,21,205,207
93,22,195,220
93,23,195,241
93,24,193,239
93,25,187,280
93,26,208,275
93,27,167,267
93,28,216,317
93,29,164,262
93,30,215,324
93,31,157,273
93,32,227,324
94,0,206,168
94,1,205,164
94,2,205,164
94,3,205,164
94,4,204,164
94,5,204,163
94,6,203,163
94,7,202,164
94,8,200,164
94,9,205,172
94,10,204,171
94,11,200,187
94,12,192,183
94,13,195,210
94,14,182,207
94,15,205,211
94,16,195,220
94,17,207,210
94,18,197,223
94,19,207,208
94,20,199,222
94,21,206,208
94,22,198,220
94,23,197,241
94,24,196,239
94,25,190,280
94,26,211,276
94,27,171,265
94,28,217,319
94,29,168,258
94,30,216,326
94,31,162,268
94,32,229,327
95,0,207,169
95,1,206,165
95,2,206,165
95,3,206,164
95,4,206,164
95,5,205,164
95,6,205,164
95,7,203,165
95,8,202,165
95,9,206,172
95,10,206,172
95,11,201,187
95,12,194,184
95,13,197,210
95,14,183,208
95,15,206,213
95,16,196,221
95,17,209,212
95,18,199,224
95,19,209,210
95,20,200,222
95,21,208,210
95,22,200,221
95,23,199,241
95,24,197,239
95,25,191,280
95,26,212,276
95,27,173,264
95,28,218,321
95,29,171,257
95,30,216,327
95,31,164,266
95,32,229,329
96,0,208,169
96,1,208,165
96,2,208,165
96,3,207,165
96,4,207,165
96,5,207,165
96,6,206,164
96,7,205,165
96,8,203,165
96,9,208,173
96,10,207,173
96,11,203,187
96,12,195,185
96,13,198,211
96,14,185,209
96,15,207,216
96,16,198,221
96,17,210,215
96,18,201,224
96,19,211,213
96,20,202,222
96,21,209,213
96,22,201,221
96,23,200,241
96,24,198,239
96,25,193,280
96,26,213,277
96,27,176,263
96,28,218,322
96,29,174,257
96,30,217,328
96,31,167,264
96,32,229,331
97,0,210,170
97,1,209,165
97,2,209,165
97,3,209,165
97,4,208,165
97,5,208,165
97,6,208,165
97,7,206,166
97,8,204,166
97,9,209,173
97,10,208,173
97,11,204,188
97,12,197,185
97,13,199,211
97,14,188,209
97,15,208,217
97,16,201,222
97,17,211,216
97,18,203,225
97,19,212,215
97,20,205,223
97,21,211,215
97,22,204,222
97,23,201,241
97,24,200,239
97,25,195,280
97,26,214,277
97,27,178,263
97,28,219,323
97,29,177,257
97,30,217,329
97,31,170,263
97,32,228,332
98,0,212,170
98,1,212,166
98,2,211,166
98,3,211,166
98,4,211,166
98,5,211,165
98,6,210,165
98,7,208,166
98,8,207,166
98,9,211,174
98,10,211,173
98,11,206,188
98,12,200,185
98,13,199,212
98,14,192,210
98,15,209,221
98,16,205,222
98,17,212,222
98,18,208,225
98,19,213,219
98,20,210,223
98,21,212,218
98,22,209,222
98,23,203,241
98,24,202,240
98,25,200,280
98,26,215,279
98,27,183,263
98,28,219,324
98,29,181,256
98,30,217,330
98,31,174,261
98,32,230,333
99,0,214,171
99,1,213,166
99,2,213,166
99,3,213,166
99,4,213,166
99,5,212,166
99,6,212,166
99,7,210,166
99,8,209,166
99,9,213,174
99,10,212,174
99,11,207,188
99,12,201,186
99,13,200,213
99,14,194,212
99,15,211,221
99,16,207,222
99,17,214,224
99,18,211,225
99,19,214,222
99,20,212,222
99,21,213,220
99,22,212,221
99,23,204,241
99,24,204,240
99,25,202,280
99,26,216,281
99,27,185,262
99,28,219,325
99,29,183,256
99,30,217,331
99,31,177,261
99,32,230,333
100,0,216,171
100,1,215,167
100,2,215,167
100,3,215,166
100,4,215,166
100,5,215,166
100,6,214,166
100,7,212,167
100,8,211,167
100,9,215,174
100,10,215,174
100,11,209,188
100,12,204,187
100,13,201,214
100,14,197,214
100,15,211,225
100,16,211,223
100,17,214,228
100,18,214,225
100,19,215,226
100,20,215,223
100,21,214,224
100,22,215,222
100,23,207,242
100,24,206,241
100,25,207,279
100,26,217,282
100,27,189,262
100,28,219,325
100,29,187,255
100,30,217,331
100,31,181,260
100,32,230,333
101,0,218,171
101,1,217,167
101,2,217,167
101,3,216,167
101,4,217,167
101,5,216,167
101,6,216,166
101,7,213,167
101,8,212,167
101,9,217,174
101,10,216,174
101,11,210,188
101,12,206,187
101,13,203,215
101,14,199,215
101,15,212,229
101,16,213,224
101,17,215,233
101,18,216,226
101,19,216,232
101,20,217,224
101,21,215,230
101,22,216,223
101,23,208,243
101,24,208,242
101,25,208,278
101,26,219,283
101,27,191,261
101,28,219,326
101,29,188,254
101,30,217,332
101,31,183,259
101,32,230,333
102,0,220,172
102,1,219,168
102,2,219,167
102,3,219,167
102,4,219,168
102,5,218,167
102,6,218,167
102,7,216,168
102,8,215,168
102,9,219,175
102,10,219,175
102,11,213,189
102,12,209,188
102,13,207,216
102,14,203,216
102,15,215,231
102,16,217,224
102,17,217,236
102,18,220,227
102,19,218,235
102,20,221,225
102,21,217,233
102,22,220,224
102,23,211,244
102,24,210,243
102,25,214,285
102,26,220,283
102,27,198,285
102,28,217,302
102,29,194,282
102,30,215,300
102,31,198,290
102,32,221,315
103,0,222,172
103,1,221,168
103,2,221,168
103,3,220,168
103,4,220,168
103,5,220,168
103,6,219,168
103,7,218,168
103,8,216,169
103,9,221,176
103,10,220,175
103,11,215,190
103,12,210,188
103,13,210,218
103,14,205,216
103,15,216,232
103,16,219,225
103,17,219,238
103,18,222,228
103,19,219,235
103,20,223,225
103,21,219,234
103,22,222,224
103,23,213,244
103,24,210,243
103,25,216,287
103,26,221,282
103,27,207,308
103,28,203,268
103,29,204,311
103,30,202,264
103,31,212,318
103,32,210,292
104,0,224,173
104,1,223,169
104,2,223,169
104,3,223,169
104,4,223,169
104,5,222,169
104,6,222,168
104,7,220,169
104,8,219,169
104,9,223,176
104,10,223,176
104,11,218,191
104,12,213,189
104,13,213,218
104,14,208,217
104,15,221,235
104,16,222,225
104,17,223,240
104,18,225,227
104,19,223,239
104,20,226,225
104,21,223,236
104,22,225,224
104,23,215,245
104,24,212,243
104,25,220,286
104,26,223,282
104,27,207,301
104,28,209,292
104,29,203,301
104,30,203,292
104,31,210,311
104,32,217,307
105,0,226,174
105,1,225,170
105,2,225,169
105,3,224,169
105,4,224,169
105,5,224,169
105,6,223,169
105,7,221,169
105,8,220,170
105,9,225,177
105,10,224,177
105,11,218,191
105,12,215,188
105,13,214,218
105,14,209,217
105,15,221,233
105,16,224,225
105,17,223,238
105,18,228,227
105,19,224,236
105,20,228,225
105,21,223,234
105,22,227,224
105,23,216,244
105,24,213,243
105,25,223,285
105,26,224,283
105,27,219,325
105,28,206,267
105,29,217,331
105,30,205,264
105,31,229,331
105,32,205,291
106,0,228,174
106,1,227,170
106,2,227,170
106,3,227,169
106,4,227,170
106,5,227,170
106,6,226,169
106,7,224,170
106,8,224,170
106,9,227,177
106,10,227,177
106,11,219,191
106,12,219,188
106,13,213,217
106,14,213,217
106,15,221,231
106,16,228,225
106,17,223,236
106,18,232,227
106,19,225,234
106,20,232,224
106,21,224,232
106,22,231,223
106,23,218,245
106,24,216,244
106,25,226,285
106,26,225,284
106,27,209,269
106,28,217,323
106,29,207,267
106,30,214,328
106,31,206,287
106,32,227,329
107,0,230,174
107,1,229,170
107,2,229,170
107,3,228,169
107,4,228,170
107,5,228,170
107,6,228,169
107,7,225,170
107,8,224,170
107,9,229,178
107,10,228,177
107,11,220,191
107,12,221,188
107,13,212,217
107,14,215,217
107,15,218,230
107,16,231,224
107,17,221,234
107,18,234,226
107,19,222,232
107,20,235,223
107,21,221,231
107,22,234,222
107,23,219,245
107,24,218,244
107,25,229,284
107,26,227,285
107,27,210,266
107,28,219,327
107,29,209,263
107,30,216,332
107,31,206,284
107,32,229,333
108,0,232,174
108,1,231,170
108,2,231,170
108,3,230,169
108,4,231,170
108,5,231,170
108,6,230,169
108,7,227,170
108,8,228,170
108,9,231,178
108,10,231,177
108,11,220,191
108,12,224,188
108,13,211,214
108,14,219,217
108,15,218,225
108,16,235,223
108,17,220,232
108,18,238,224
108,19,220,231
108,20,238,221
108,21,220,225
108,22,237,221
108,23,221,245
108,24,220,245
108,25,234,283
108,26,228,286
108,27,213,267
108,28,219,327
108,29,212,264
108,30,216,333
108,31,207,275
108,32,230,333
109,0,234,174
109,1,232,170
109,2,232,169
109,3,232,169
109,4,232,170
109,5,232,170
109,6,232,169
109,7,228,170
109,8,229,170
109,9,233,177
109,10,232,177
109,11,221,192
109,12,226,189
109,13,211,213
109,14,222,218
109,15,218,225
109,16,237,222
109,17,216,236
109,18,240,222
109,19,217,236
109,20,240,220
109,21,220,229
109,22,239,219
109,23,222,245
109,24,222,245
109,25,237,282
109,26,229,287
109,27,215,268
109,28,219,327
109,29,213,267
109,30,216,333
109,31,209,277
109,32,230,333
110,0,235,174
110,1,234,170
110,2,233,169
110,3,233,169
110,4,234,170
110,5,233,169
110,6,233,169
110,7,230,170
110,8,230,170
110,9,234,177
110,10,234,177
110,11,222,192
110,12,227,189
110,13,212,212
110,14,224,219
110,15,217,221
110,16,238,221
110,17,216,233
110,18,242,221
110,19,220,228
110,20,242,218
110,21,220,226
110,22,241,218
110,23,224,246
110,24,223,246
110,25,239,281
110,26,230,288
110,27,217,270
110,28,219,327
110,29,214,268
110,30,217,333
110,31,213,287
110,32,230,334
111,0,236,174
111,1,235,170
111,2,235,169
111,3,234,169
111,4,235,170
111,5,235,169
111,6,234,169
111,7,231,170
111,8,231,170
111,9,235,178
111,10,235,177
111,11,222,193
111,12,229,189
111,13,213,212
111,14,225,218
111,15,220,222
111,16,240,220
111,17,219,234
111,18,244,220
111,19,223,228
111,20,244,217
111,21,223,227
111,22,243,217
111,23,225,246
111,24,225,246
111,25,240,281
111,26,231,288
111,27,218,271
111,28,220,327
111,29,217,269
111,30,217,332
111,31,216,292
111,32,229,333
112,0,240,174
112,1,239,170
112,2,239,169
112,3,238,169
112,4,239,170
112,5,239,169
112,6,238,169
112,7,235,170
112,8,235,170
112,9,239,178
112,10,239,177
112,11,226,193
112,12,232,189
112,13,216,211
112,14,229,219
112,15,225,224
112,16,245,216
112,17,224,235
112,18,247,216
112,19,226,229
112,20,248,214
112,21,226,229
112,22,246,214
112,23,229,247
112,24,229,246
112,25,245,278
112,26,232,288
112,27,222,272
112,28,220,326
112,29,220,270
112,30,217,331
112,31,216,290
112,32,229,332
113,0,242,174
113,1,240,170
113,2,240,169
113,3,240,169
113,4,240,170
113,5,240,169
113,6,240,169
113,7,237,170
113,8,237,170
113,9,241,178
113,10,241,177
113,11,228,193
113,12,234,189
113,13,218,210
113,14,231,218
113,15,226,225
113,16,246,215
113,17,227,234
113,18,249,215
113,19,229,229
113,20,249,212
113,21,228,229
113,22,248,213
113,23,231,247
113,24,230,246
113,25,249,275
113,26,232,288
113,27,225,272
113,28,220,325
113,29,223,270
113,30,217,331
113,31,219,290
113,32,229,332
114,0,243,174
114,1,242,170
114,2,242,169
114,3,241,169
114,4,242,169
114,5,242,169
114,6,241,169
114,7,238,169
114,8,238,170
114,9,243,178
114,10,242,177
114,11,229,193
114,12,235,189
114,13,218,209
114,14,234,216
114,15,227,225
114,16,247,213
114,17,228,232
114,18,251,213
114,19,229,229
114,20,251,210
114,21,229,229
114,22,250,210
114,23,233,247
114,24,232,246
114,25,251,273
114,26,233,289
114,27,228,274
114,28,221,324
114,29,225,270
114,30,217,330
114,31,221,290
114,32,229,332
115,0,244,174
115,1,243,169
115,2,243,169
115,3,242,169
115,4,243,169
115,5,243,169
115,6,242,169
115,7,239,169
115,8,240,170
115,9,244,178
115,10,244,177
115,11,230,193
115,12,237,189
115,13,219,208
115,14,237,215
115,15,227,225
115,16,250,211
115,17,229,231
115,18,252,210
115,19,230,229
115,20,252,208
115,21,230,228
115,22,251,208
115,23,234,247
115,24,233,246
115,25,252,271
115,26,233,289
115,27,229,276
115,28,220,325
115,29,226,272
115,30,217,330
115,31,224,290
115,32,229,333
116,0,245,174
116,1,244,169
116,2,244,169
116,3,243,168
116,4,244,169
116,5,244,168
116,6,243,168
116,7,240,169
116,8,241,169
116,9,245,177
116,10,245,177
116,11,231,193
116,12,238,189
116,13,220,207
116,14,238,213
116,15,228,224
116,16,251,209
116,17,230,229
116,18,254,207
116,19,231,228
116,20,254,205
116,21,231,227
116,22,253,205
116,23,235,246
116,24,235,246
116,25,254,270
116,26,234,288
116,27,231,276
116,28,220,324
116,29,228,272
116,30,217,330
116,31,227,290
116,32,229,333
117,0,248,173
117,1,246,168
117,2,246,168
117,3,245,168
117,4,246,168
117,5,246,168
117,6,246,168
117,7,242,169
117,8,243,169
117,9,247,177
117,10,247,176
117,11,233,192
117,12,240,188
117,13,221,206
117,14,241,213
117,15,230,221
117,16,253,206
117,17,232,226
117,18,256,205
117,19,233,225
117,20,256,201
117,21,233,224
117,22,255,202
117,23,239,246
117,24,237,246
117,25,257,269
117,26,234,288
117,27,235,280
117,28,220,324
117,29,233,277
117,30,217,330
117,31,235,291
117,32,229,333
118,0,251,173
118,1,249,168
118,2,249,168
118,3,249,167
118,4,249,168
118,5,249,168
118,6,249,168
118,7,245,168
118,8,246,168
118,9,250,176
118,10,250,176
118,11,236,190
118,12,242,187
118,13,223,204
118,14,243,212
118,15,231,220
118,16,256,203
118,17,234,224
118,18,259,201
118,19,235,223
118,20,258,198
118,21,234,222
118,22,257,198
118,23,243,246
118,24,240,245
118,25,261,267
118,26,235,288
118,27,238,283
118,28,221,323
118,29,235,280
118,30,218,329
118,31,234,297
118,32,229,333
119,0,252,172
119,1,250,167
119,2,250,167
119,3,250,167
119,4,250,167
119,5,250,167
119,6,250,167
119,7,247,167
119,8,247,168
119,9,251,176
119,10,251,175
119,11,237,189
119,12,244,186
119,13,224,202
119,14,246,208
119,15,232,218
119,16,258,200
119,17,235,223
119,18,260,198
119,19,236,222
119,20,259,196
119,21,235,221
119,22,258,196
119,23,244,245
119,24,241,245
119,25,262,266
119,26,236,288
119,27,241,283
119,28,222,322
119,29,238,280
119,30,219,327
119,31,242,295
119,32,229,333
120,0,254,172
120,1,253,167
120,2,253,166
120,3,252,166
120,4,253,167
120,5,253,167
120,6,252,166
120,7,249,166
120,8,249,167
120,9,253,175
120,10,253,175
120,11,239,188
120,12,246,186
120,13,226,201
120,14,249,209
120,15,234,217
120,16,261,198
120,17,237,222
120,18,263,196
120,19,237,221
120,20,262,193
120,21,237,220
120,22,261,194
120,23,247,245
120,24,243,245
120,25,264,264
120,26,236,288
120,27,245,286
120,28,222,320
120,29,242,284
120,30,219,324
120,31,244,304
120,32,229,333
121,0,255,171
121,1,254,166
121,2,253,166
121,3,253,165
121,4,254,166
121,5,253,166
121,6,253,166
121,7,250,166
121,8,250,166
121,9,254,174
121,10,254,174
121,11,241,187
121,12,248,186
121,13,227,200
121,14,251,210
121,15,235,217
121,16,262,196
121,17,238,222
121,18,264,194
121,19,239,221
121,20,263,192
121,21,239,219
121,22,262,193
121,23,248,244
121,24,245,245
121,25,266,263
121,26,236,288
121,27,248,287
121,28,223,319
121,29,245,286
121,30,219,322
121,31,247,307
121,32,229,333
122,0,256,170
122,1,255,165
122,2,255,165
122,3,254,165
122,4,255,165
122,5,255,165
122,6,254,165
122,7,251,166
122,8,251,166
122,9,255,173
122,10,255,173
122,11,243,187
122,12,248,185
122,13,229,200
122,14,250,210
122,15,237,216
122,16,262,196
122,17,240,222
122,18,265,193
122,19,240,221
122,20,264,191
122,21,240,219
122,22,263,192
122,23,249,244
122,24,246,244
122,25,267,263
122,26,237,287
122,27,250,289
122,28,223,318
122,29,248,290
122,30,220,321
122,31,250,308
122,32,229,333
123,0,259,169
123,1,258,165
123,2,257,164
123,3,257,164
123,4,257,165
123,5,257,165
123,6,257,164
123,7,254,165
123,8,254,165
123,9,258,172
123,10,258,172
123,11,245,186
123,12,251,184
123,13,231,199
123,14,254,208
123,15,239,216
123,16,264,195
123,17,241,221
123,18,266,192
123,19,242,220
123,20,265,189
123,21,242,218
123,22,264,191
123,23,252,244
123,24,249,244
123,25,270,262
123,26,239,285
123,27,255,291
123,28,224,317
123,29,252,293
123,30,222,320
123,31,256,310
123,32,229,333
124,0,261,168
124,1,260,164
124,2,260,163
124,3,259,163
124,4,260,164
124,5,260,164
124,6,259,164
124,7,257,164
124,8,256,165
124,9,260,171
124,10,260,171
124,11,247,185
124,12,253,183
124,13,233,198
124,14,257,205
124,15,242,215
124,16,267,193
124,17,244,220
124,18,269,189
124,19,245,219
124,20,268,187
124,21,244,218
124,22,267,189
124,23,255,243
124,24,252,243
124,25,273,262
124,26,241,283
124,27,260,292
124,28,226,316
124,29,256,295
124,30,224,317
124,31,262,312
124,32,229,333
125,0,263,168
125,1,262,164
125,2,261,163
125,3,261,163
125,4,262,164
125,5,261,164
125,6,261,164
125,7,258,164
125,8,258,165
125,9,262,171
125,10,262,171
125,11,249,184
125,12,254,182
125,13,235,198
125,14,251,200
125,15,242,214
125,16,267,193
125,17,245,219
125,18,269,189
125,19,246,218
125,20,269,187
125,21,245,217
125,22,268,188
125,23,257,241
125,24,253,242
125,25,274,262
125,26,242,282
125,27,262,295
125,28,228,314
125,29,258,297
125,30,225,316
125,31,265,313
125,32,229,333
126,0,264,168
126,1,263,164
126,2,263,163
126,3,263,163
126,4,263,164
126,5,263,164
126,6,262,164
126,7,260,164
126,8,259,164
126,9,263,171
126,10,263,171
126,11,250,184
126,12,255,181
126,13,236,197
126,14,252,199
126,15,244,214
126,16,269,191
126,17,246,219
126,18,271,187
126,19,247,218
126,20,270,185
126,21,247,216
126,22,269,187
126,23,259,241
126,24,254,241
126,25,276,261
126,26,243,281
126,27,265,295
126,28,229,313
126,29,261,298
126,30,226,316
126,31,268,314
126,32,230,333
127,0,266,167
127,1,265,163
127,2,265,163
127,3,265,162
127,4,265,163
127,5,265,163
127,6,264,163
127,7,262,163
127,8,261,164
127,9,266,171
127,10,266,171
127,11,253,184
127,12,257,181
127,13,238,197
127,14,252,199
127,15,246,213
127,16,269,193
127,17,248,218
127,18,272,188
127,19,250,217
127,20,271,186
127,21,249,215
127,22,270,187
127,23,261,241
127,24,257,241
127,25,279,261
127,26,246,280
127,27,270,297
127,28,230,311
127,29,266,301
127,30,228,312
127,31,274,315
127,32,230,331
128,0,268,167
128,1,267,162
128,2,266,162
128,3,266,162
128,4,266,163
128,5,266,163
128,6,266,163
128,7,263,163
128,8,263,164
128,9,267,170
128,10,267,170
128,11,258,183
128,12,258,181
128,13,241,197
128,14,243,197
128,15,249,213
128,16,266,198
128,17,251,217
128,18,271,200
128,19,252,216
128,20,271,187
128,21,251,215
128,22,267,195
128,23,263,240
128,24,258,241
128,25,280,261
128,26,248,280
128,27,272,298
128,28,232,308
128,29,269,303
128,30,229,309
128,31,277,315
128,32,230,328
129,0,270,166
129,1,269,162
129,2,269,162
129,3,268,162
129,4,269,162
129,5,268,162
129,6,268,162
129,7,265,162
129,8,265,163
129,9,269,170
129,10,269,170
129,11,260,183
129,12,258,182
129,13,250,199
129,14,242,195
129,15,253,212
129,16,254,211
129,17,255,215
129,18,257,215
129,19,255,214
129,20,258,212
129,21,255,213
129,22,258,211
129,23,266,240
129,24,261,240
129,25,283,261
129,26,250,279
129,27,277,301
129,28,233,306
129,29,274,306
129,30,229,306
129,31,283,316
129,32,230,325
130,0,272,166
130,1,271,162
130,2,270,162
130,3,270,162
130,4,270,162
130,5,270,162
130,6,269,162
130,7,267,162
130,8,266,163
130,9,271,169
130,10,271,169
130,11,266,183
130,12,258,181
130,13,263,203
130,14,242,194
130,15,271,191
130,16,253,212
130,17,271,189
130,18,255,217
130,19,273,185
130,20,256,215
130,21,272,188
130,22,256,213
130,23,268,240
130,24,262,240
130,25,284,262
130,26,252,279
130,27,279,302
130,28,233,305
130,29,276,307
130,30,230,305
130,31,286,316
130,32,231,322
131,0,274,165
131,1,273,162
131,2,273,161
131,3,272,161
131,4,273,162
131,5,272,162
131,6,272,162
131,7,269,162
131,8,269,163
131,9,274,169
131,10,273,169
131,11,267,182
131,12,262,181
131,13,252,199
131,14,244,195
131,15,260,201
131,16,256,211
131,17,261,203
131,18,258,215
131,19,262,200
131,20,259,213
131,21,262,200
131,22,258,212
131,23,270,239
131,24,265,239
131,25,287,262
131,26,255,279
131,27,284,304
131,28,235,302
131,29,281,310
131,30,232,302
131,31,292,317
131,32,233,320
132,0,275,164
132,1,274,161
132,2,274,161
132,3,274,161
132,4,274,161
132,5,273,161
132,6,273,161
132,7,271,162
132,8,270,162
132,9,275,168
132,10,274,168
132,11,270,182
132,12,262,181
132,13,273,202
132,14,245,194
132,15,277,188
132,16,257,211
132,17,278,185
132,18,258,216
132,19,278,182
132,20,259,214
132,21,277,184
132,22,259,213
132,23,272,239
132,24,266,239
132,25,288,262
132,26,256,279
132,27,287,305
132,28,236,300
132,29,284,311
132,30,233,300
132,31,295,317
132,32,234,317
133,0,277,165
133,1,275,161
133,2,275,161
133,3,275,161
133,4,275,161
133,5,275,161
133,6,275,161
133,7,272,162
133,8,272,162
133,9,276,168
133,10,276,168
133,11,266,182
133,12,266,181
133,13,258,197
133,14,257,198
133,15,263,193
133,16,269,201
133,17,265,199
133,18,272,202
133,19,265,195
133,20,277,190
133,21,265,194
133,22,271,198
133,23,273,239
133,24,268,238
133,25,290,262
133,26,258,278
133,27,289,307
133,28,237,298
133,29,287,312
133,30,234,297
133,31,298,318
133,32,235,314
134,0,278,165
134,1,277,161
134,2,277,161
134,3,276,161
134,4,277,161
134,5,276,161
134,6,276,161
134,7,274,162
134,8,273,162
134,9,277,168
134,10,277,168
134,11,268,182
134,12,266,181
134,13,260,197
134,14,253,195
134,15,264,199
134,16,264,208
134,17,265,202
134,18,267,212
134,19,268,197
134,20,269,209
134,21,268,196
134,22,268,209
134,23,275,239
134,24,269,238
134,25,291,263
134,26,260,278
134,27,291,307
134,28,238,296
134,29,289,313
134,30,235,295
134,31,300,318
134,32,235,313
135,0,279,165
135,1,278,161
135,2,278,161
135,3,278,161
135,4,278,161
135,5,278,161
135,6,277,161
135,7,275,162
135,8,275,162
135,9,278,168
135,10,278,168
135,11,267,181
135,12,269,181
135,13,256,194
135,14,261,197
135,15,262,204
135,16,273,198
135,17,264,205
135,18,280,191
135,19,265,205
135,20,281,187
135,21,265,204
135,22,280,189
135,23,276,239
135,24,271,238
135,25,292,264
135,26,261,278
135,27,293,308
135,28,239,295
135,29,291,314
135,30,236,293
135,31,303,318
135,32,236,312
136,0,283,165
136,1,282,161
136,2,282,161
136,3,281,161
136,4,282,161
136,5,282,161
136,6,281,161
136,7,278,161
136,8,278,162
136,9,282,168
136,10,282,168
136,11,270,181
136,12,274,179
136,13,256,195
136,14,270,196
136,15,266,209
136,16,287,188
136,17,267,212
136,18,288,184
136,19,269,211
136,20,287,182
136,21,269,211
136,22,287,184
136,23,280,238
136,24,274,238
136,25,295,266
136,26,266,278
136,27,300,309
136,28,242,291
136,29,298,316
136,30,239,289
136,31,310,318
136,32,239,309
137,0,285,165
137,1,284,161
137,2,283,161
137,3,283,160
137,4,283,161
137,5,283,161
137,6,283,161
137,7,280,161
137,8,280,162
137,9,284,168
137,10,284,168
137,11,271,181
137,12,276,178
137,13,257,195
137,14,271,196
137,15,267,209
137,16,288,188
137,17,268,212
137,18,290,185
137,19,269,211
137,20,289,184
137,21,269,210
137,22,288,185
137,23,281,238
137,24,276,238
137,25,296,268
137,26,268,278
137,27,302,309
137,28,244,289
137,29,301,316
137,30,241,287
137,31,313,317
137,32,240,307
138,0,286,165
138,1,285,161
138,2,285,161
138,3,284,160
138,4,285,161
138,5,284,161
138,6,284,161
138,7,281,161
138,8,281,161
138,9,285,168
138,10,285,168
138,11,274,180
138,12,276,178
138,13,258,194
138,14,269,197
138,15,269,209
138,16,282,190
138,17,270,212
138,18,285,189
138,19,271,211
138,20,289,185
138,21,271,210
138,22,286,188
138,23,283,238
138,24,278,237
138,25,297,269
138,26,270,278
138,27,304,309
138,28,246,288
138,29,303,317
138,30,242,285
138,31,315,317
138,32,241,305
139,0,288,165
139,1,287,161
139,2,286,161
139,3,286,160
139,4,286,161
139,5,286,161
139,6,286,161
139,7,282,161
139,8,282,161
139,9,286,168
139,10,286,168
139,11,274,180
139,12,277,177
139,13,259,193
139,14,271,197
139,15,270,209
139,16,284,193
139,17,272,212
139,18,291,187
139,19,272,211
139,20,292,184
139,21,272,210
139,22,290,186
139,23,284,237
139,24,279,237
139,25,298,270
139,26,271,278
139,27,306,309
139,28,247,286
139,29,305,317
139,30,243,283
139,31,316,317
139,32,242,303
140,0,290,165
140,1,289,161
140,2,289,161
140,3,289,160
140,4,289,161
140,5,289,161
140,6,288,161
140,7,285,161
140,8,285,161
140,9,289,168
140,10,289,168
140,11,274,179
140,12,283,177
140,13,260,194
140,14,287,199
140,15,272,209
140,16,295,189
140,17,274,213
140,18,297,185
140,19,275,211
140,20,296,183
140,21,274,210
140,22,295,185
140,23,286,237
140,24,282,236
140,25,300,271
140,26,274,278
140,27,309,310
140,28,250,282
140,29,308,317
140,30,246,279
140,31,320,317
140,32,244,299
141,0,292,165
141,1,291,161
141,2,290,161
141,3,290,160
141,4,290,161
141,5,290,161
141,6,290,161
141,7,287,161
141,8,287,161
141,9,290,168
141,10,290,168
141,11,278,179
141,12,283,177
141,13,263,194
141,14,278,200
141,15,274,209
141,16,297,189
141,17,276,212
141,18,299,186
141,19,277,211
141,20,298,184
141,21,277,210
141,22,297,185
141,23,288,237
141,24,283,236
141,25,301,272
141,26,276,278
141,27,311,310
141,28,252,280
141,29,310,317
141,30,248,278
141,31,322,316
141,32,245,296
142,0,294,164
142,1,293,160
142,2,292,160
142,3,292,160
142,4,293,160
142,5,292,160
142,6,292,160
142,7,289,160
142,8,289,161
142,9,293,167
142,10,293,167
142,11,278,179
142,12,288,177
142,13,265,194
142,14,291,200
142,15,276,209
142,16,300,191
142,17,278,212
142,18,302,187
142,19,279,211
142,20,301,185
142,21,279,210
142,22,300,187
142,23,290,237
142,24,286,236
142,25,303,273
142,26,279,279
142,27,314,310
142,28,254,278
142,29,313,318
142,30,251,275
142,31,326,316
142,32,248,293
143,0,295,164
143,1,294,160
143,2,294,160
143,3,294,160
143,4,294,160
143,5,294,160
143,6,294,160
143,7,290,160
143,8,291,161
143,9,294,167
143,10,294,167
143,11,280,179
143,12,289,177
143,13,266,195
143,14,292,200
143,15,279,209
143,16,302,191
143,17,281,213
143,18,304,188
143,19,282,212
143,20,303,186
143,21,281,211
143,22,302,187
143,23,292,237
143,24,287,236
143,25,305,273
143,26,281,279
143,27,315,311
143,28,256,277
143,29,315,319
143,30,253,273
143,31,327,316
143,32,249,291
144,0,297,164
144,1,296,160
144,2,296,160
144,3,296,160
144,4,296,160
144,5,296,160
144,6,296,160
144,7,293,160
144,8,293,161
144,9,296,167
144,10,296,167
144,11,281,179
144,12,292,176
144,13,269,195
144,14,296,200
144,15,281,209
144,16,304,191
144,17,283,213
144,18,306,188
144,19,284,212
144,20,305,187
144,21,284,211
144,22,304,188
144,23,294,237
144,24,290,236
144,25,306,274
144,26,284,279
144,27,318,312
144,28,260,274
144,29,317,320
144,30,257,270
144,31,329,316
144,32,252,287
145,0,300,164
145,1,298,160
145,2,298,160
145,3,298,160
145,4,298,160
145,5,298,160
145,6,298,160
145,7,295,160
145,8,295,161
145,9,298,167
145,10,298,167
145,11,283,179
145,12,294,176
145,13,271,196
145,14,297,200
145,15,283,209
145,16,304,194
145,17,285,213
145,18,306,191
145,19,286,212
145,20,306,190
145,21,286,211
145,22,304,191
145,23,295,236
145,24,292,236
145,25,308,274
145,26,287,279
145,27,318,312
145,28,262,273
145,29,318,320
145,30,259,269
145,31,330,317
145,32,254,286
146,0,302,165
146,1,301,161
146,2,301,161
146,3,300,161
146,4,301,161
146,5,301,161
146,6,300,161
146,7,297,161
146,8,298,162
146,9,301,168
146,10,301,168
146,11,284,179
146,12,297,176
146,13,273,198
146,14,300,200
146,15,285,210
146,16,307,197
146,17,287,213
146,18,310,195
146,19,289,212
146,20,309,193
146,21,288,211
146,22,308,194
146,23,297,236
146,24,294,236
146,25,310,274
146,26,290,279
146,27,320,313
146,28,266,271
146,29,320,322
146,30,263,267
146,31,332,318
146,32,257,284
147,0,304,165
147,1,303,161
147,2,302,161
147,3,302,161
147,4,303,161
147,5,302,161
147,6,302,161
147,7,299,161
147,8,299,162
147,9,302,168
147,10,302,168
147,11,286,180
147,12,299,175
147,13,275,198
147,14,300,200
147,15,287,210
147,16,309,199
147,17,289,214
147,18,311,198
147,19,291,213
147,20,311,195
147,21,291,212
147,22,310,196
147,23,298,237
147,24,296,236
147,25,311,274
147,26,292,278
147,27,321,314
147,28,268,270
147,29,320,323
147,30,265,266
147,31,333,320
147,32,259,282
148,0,306,165
148,1,305,161
148,2,304,161
148,3,304,161
148,4,305,162
148,5,305,161
148,6,305,161
148,7,301,161
148,8,302,162
148,9,305,168
148,10,305,168
148,11,288,181
148,12,302,176
148,13,278,199
148,14,303,200
148,15,290,211
148,16,313,201
148,17,292,214
148,18,316,200
148,19,294,213
148,20,316,198
148,21,294,213
148,22,315,198
148,23,299,237
148,24,300,236
148,25,313,274
148,26,296,278
148,27,323,316
148,28,272,269
148,29,322,324
148,30,268,264
148,31,333,323
148,32,262,279
149,0,308,165
149,1,306,162
149,2,306,161
149,3,305,161
149,4,306,162
149,5,306,162
149,6,306,161
149,7,303,162
149,8,303,162
149,9,306,168
149,10,306,169
149,11,290,181
149,12,303,176
149,13,279,201
149,14,304,201
149,15,292,212
149,16,315,202
149,17,295,214
149,18,317,202
149,19,297,213
149,20,317,199
149,21,296,213
149,22,316,200
149,23,301,237
149,24,300,236
149,25,314,275
149,26,298,278
149,27,324,317
149,28,274,268
149,29,323,326
149,30,271,263
149,31,335,325
149,32,265,279
150,0,309,165
150,1,307,162
150,2,307,161
150,3,307,161
150,4,308,162
150,5,307,162
150,6,307,161
150,7,304,162
150,8,305,162
150,9,307,168
150,10,307,169
150,11,291,182
150,12,305,175
150,13,281,202
150,14,306,201
150,15,294,212
150,16,316,204
150,17,296,215
150,18,319,204
150,19,298,213
150,20,318,202
150,21,298,213
150,22,318,202
150,23,301,237
150,24,302,236
150,25,315,275
150,26,300,278
150,27,324,318
150,28,276,268
150,29,323,326
150,30,273,262
150,31,335,326
150,32,267,278
151,0,311,166
151,1,310,162
151,2,310,162
151,3,309,162
151,4,310,162
151,5,310,162
151,6,310,162
151,7,306,162
151,8,307,163
151,9,310,169
151,10,310,169
151,11,293,183
151,12,308,176
151,13,283,204
151,14,309,201
151,15,297,213
151,16,319,207
151,17,299,215
151,18,321,208
151,19,301,214
151,20,322,207
151,21,300,213
151,22,321,207
151,23,302,237
151,24,306,236
151,25,316,282
151,26,306,278
151,27,325,320
151,28,281,266
151,29,324,328
151,30,278,261
151,31,335,328
151,32,271,276
152,0,313,166
152,1,311,163
152,2,311,162
152,3,311,162
152,4,312,163
152,5,312,163
152,6,311,162
152,7,308,163
152,8,309,163
152,9,311,169
152,10,312,169
152,11,294,184
152,12,310,176
152,13,284,204
152,14,310,202
152,15,298,213
152,16,320,208
152,17,301,215
152,18,323,210
152,19,302,214
152,20,323,209
152,21,302,213
152,22,322,208
152,23,302,238
152,24,308,236
152,25,317,283
152,26,308,279
152,27,326,321
152,28,283,266
152,29,325,328
152,30,281,260
152,31,336,330
152,32,274,275
153,0,314,167
153,1,313,163
153,2,313,163
153,3,312,163
153,4,314,163
153,5,313,163
153,6,313,163
153,7,309,163
153,8,311,164
153,9,313,170
153,10,313,170
153,11,296,185
153,12,311,177
153,13,286,205
153,14,312,202
153,15,299,213
153,16,321,210
153,17,302,215
153,18,324,212
153,19,304,214
153,20,324,210
153,21,303,213
153,22,323,210
153,23,304,238
153,24,309,237
153,25,317,285
153,26,310,279
153,27,326,322
153,28,285,265
153,29,325,329
153,30,283,260
153,31,336,331
153,32,276,275
154,0,318,168
154,1,317,164
154,2,317,164
154,3,316,164
154,4,317,164
154,5,317,164
154,6,317,164
154,7,313,164
154,8,315,164
154,9,317,171
154,10,317,171
154,11,300,186
154,12,315,179
154,13,291,206
154,14,315,206
154,15,305,215
154,16,326,216
154,17,307,217
154,18,328,217
154,19,309,215
154,20,328,216
154,21,308,215
154,22,328,216
154,23,307,240
154,24,312,238
154,25,317,288
154,26,317,279
154,27,327,323
154,28,292,265
154,29,325,330
154,30,290,260
154,31,335,331
154,32,282,273
155,0,320,169
155,1,319,165
155,2,319,165
155,3,318,165
155,4,319,165
155,5,319,165
155,6,319,165
155,7,315,165
155,8,316,165
155,9,319,173
155,10,319,173
155,11,301,187
155,12,317,181
155,13,292,207
155,14,316,207
155,15,305,216
155,16,327,218
155,17,308,218
155,18,330,220
155,19,309,217
155,20,330,218
155,21,309,216
155,22,329,218
155,23,308,241
155,24,314,239
155,25,317,290
155,26,320,280
155,27,327,324
155,28,295,265
155,29,325,330
155,30,293,259
155,31,335,331
155,32,285,273
156,0,321,170
156,1,320,166
156,2,320,166
156,3,319,165
156,4,320,166
156,5,320,166
156,6,320,166
156,7,316,166
156,8,318,166
156,9,320,173
156,10,320,173
156,11,303,187
156,12,319,182
156,13,294,208
156,14,318,208
156,15,306,216
156,16,328,220
156,17,309,218
156,18,331,222
156,19,310,217
156,20,331,221
156,21,310,217
156,22,330,220
156,23,309,242
156,24,316,240
156,25,319,290
156,26,322,281
156,27,327,324
156,28,297,264
156,29,325,331
156,30,295,260
156,31,336,332
156,32,287,273
157,0,322,170
157,1,321,166
157,2,321,166
157,3,320,166
157,4,322,167
157,5,322,166
157,6,321,166
157,7,317,167
157,8,319,167
157,9,321,174
157,10,322,173
157,11,304,188
157,12,320,183
157,13,295,210
157,14,318,209
157,15,308,217
157,16,329,221
157,17,311,219
157,18,331,225
157,19,312,218
157,20,332,224
157,21,312,218
157,22,330,223
157,23,310,242
157,24,317,241
157,25,319,290
157,26,323,281
157,27,327,324
157,28,300,264
157,29,325,331
157,30,298,260
157,31,337,331
157,32,289,273
158,0,325,171
158,1,324,167
158,2,323,167
158,3,323,167
158,4,324,167
158,5,324,167
158,6,324,167
158,7,320,167
158,8,322,167
158,9,324,174
158,10,324,174
158,11,307,189
158,12,322,183
158,13,299,211
158,14,320,209
158,15,313,221
158,16,331,225
158,17,315,223
158,18,333,229
158,19,316,222
158,20,334,227
158,21,316,221
158,22,333,226
158,23,313,243
158,24,320,241
158,25,321,290
158,26,328,280
158,27,328,324
158,28,305,264
158,29,325,332
158,30,302,260
158,31,338,332
158,32,295,273
159,0,328,171
159,1,327,167
159,2,326,167
159,3,326,167
159,4,327,167
159,5,327,167
159,6,327,167
159,7,323,168
159,8,325,168
159,9,327,175
159,10,327,175
159,11,310,190
159,12,324,184
159,13,303,213
159,14,322,209
159,15,316,223
159,16,333,227
159,17,319,224
159,18,335,232
159,19,320,223
159,20,336,230
159,21,319,223
159,22,335,229
159,23,315,245
159,24,323,241
159,25,324,290
159,26,332,279
159,27,328,325
159,28,310,265
159,29,325,333
159,30,307,260
159,31,339,333
159,32,301,273
160,0,329,172
160,1,328,168
160,2,328,168
160,3,327,168
160,4,329,168
160,5,329,168
160,6,328,168
160,7,324,168
160,8,326,169
160,9,328,175
160,10,328,175
160,11,311,190
160,12,326,184
160,13,304,214
160,14,323,210
160,15,317,222
160,16,333,229
160,17,319,224
160,18,336,233
160,19,321,222
160,20,336,231
160,21,320,222
160,22,335,230
160,23,315,246
160,24,323,242
160,25,327,288
160,26,335,278
160,27,327,326
160,28,313,265
160,29,325,333
160,30,309,261
160,31,339,332
160,32,303,274
161,0,331,173
161,1,330,168
161,2,330,168
161,3,329,168
161,4,330,169
161,5,330,168
161,6,330,168
161,7,326,169
161,8,328,169
161,9,330,176
161,10,330,176
161,11,313,190
161,12,327,185
161,13,306,214
161,14,323,210
161,15,319,222
161,16,334,229
161,17,321,223
161,18,337,234
161,19,322,222
161,20,337,232
161,21,323,222
161,22,336,230
161,23,317,246
161,24,324,242
161,25,327,289
161,26,337,278
161,27,327,326
161,28,315,265
161,29,325,333
161,30,312,261
161,31,338,332
161,32,305,274
162,0,334,173
162,1,332,169
162,2,332,169
162,3,331,169
162,4,333,169
162,5,333,169
162,6,333,169
162,7,329,169
162,8,330,169
162,9,332,177
162,10,333,176
162,11,316,191
162,12,330,186
162,13,310,215
162,14,325,210
162,15,321,221
162,16,335,230
162,17,324,223
162,18,338,234
162,19,325,222
162,20,339,232
162,21,324,222
162,22,338,231
162,23,320,246
162,24,328,242
162,25,331,287
162,26,342,278
162,27,328,326
162,28,319,266
162,29,325,333
162,30,316,264
162,31,338,333
162,32,310,277
163,0,335,173
163,1,334,169
163,2,334,169
163,3,333,169
163,4,334,169
163,5,334,169
163,6,334,169
163,7,330,169
163,8,331,170
163,9,334,177
163,10,334,177
163,11,318,191
163,12,331,185
163,13,312,215
163,14,327,211
163,15,321,222
163,16,336,231
163,17,323,224
163,18,339,235
163,19,325,222
163,20,340,233
163,21,325,221
163,22,339,232
163,23,321,246
163,24,329,243
163,25,332,286
163,26,344,278
163,27,328,326
163,28,322,267
163,29,325,333
163,30,318,265
163,31,339,333
163,32,312,280
164,0,337,173
164,1,335,169
164,2,335,169
164,3,335,169
164,4,336,169
164,5,336,169
164,6,335,169
164,7,331,169
164,8,333,170
164,9,335,177
164,10,336,176
164,11,319,190
164,12,333,185
164,13,313,215
164,14,328,211
164,15,324,223
164,16,337,231
164,17,327,224
164,18,340,235
164,19,328,222
164,20,341,233
164,21,327,222
164,22,340,232
164,23,322,246
164,24,330,243
164,25,333,286
164,26,347,278
164,27,328,326
164,28,324,269
164,29,325,333
164,30,320,266
164,31,339,334
164,32,314,281
165,0,339,173
165,1,338,169
165,2,337,169
165,3,337,169
165,4,338,169
165,5,338,169
165,6,338,169
165,7,334,169
165,8,335,170
165,9,338,176
165,10,338,176
165,11,322,191
165,12,335,186
165,13,317,216
165,14,331,211
165,15,327,224
165,16,339,231
165,17,329,226
165,18,342,235
165,19,331,224
165,20,342,233
165,21,330,223
165,22,341,232
165,23,325,246
165,24,333,244
165,25,335,286
165,26,351,277
165,27,328,325
165,28,328,270
165,29,325,333
165,30,324,266
165,31,339,334
165,32,319,285
166,0,342,173
166,1,341,168
166,2,340,168
166,3,340,168
166,4,341,168
166,5,341,168
166,6,341,168
166,7,337,169
166,8,338,169
166,9,341,176
166,10,341,176
166,11,325,191
166,12,337,186
166,13,320,215
166,14,332,211
166,16,341,231
166,18,343,235
166,20,344,233
166,21,332,223
166,22,343,232
166,23,328,247
166,24,335,244
166,25,337,285
166,26,356,276
166,27,328,325
166,28,331,271
166,29,326,333
166,30,327,268
166,31,339,334
166,32,324,287
167,0,344,173
167,1,342,168
167,2,342,168
167,3,341,168
167,4,342,168
167,5,342,168
167,6,342,168
167,7,338,169
167,8,339,169
167,9,342,176
167,10,342,176
167,11,327,190
167,12,338,186
167,13,322,215
167,14,333,210
167,16,342,230
167,18,344,234
167,20,345,233
167,21,335,223
167,22,344,231
167,23,329,247
167,24,336,244
167,25,337,285
167,26,356,274
167,27,329,325
167,28,333,272
167,29,326,333
167,30,329,269
167,31,339,334
167,32,327,290
168,0,345,173
168,1,343,168
168,2,343,168
168,3,343,168
168,4,344,168
168,5,343,168
168,6,343,168
168,7,340,169
168,8,340,169
168,9,344,176
168,10,344,176
168,11,329,190
168,12,339,186
168,13,324,215
168,14,334,210
168,16,343,230
168,18,345,234
168,20,346,232
168,21,334,220
168,22,345,231
168,23,331,247
168,24,338,244
168,25,338,285
168,26,359,273
168,27,329,325
168,28,335,273
168,29,326,333
168,30,331,269
168,31,339,334
168,32,330,291
